Entity,Year,Coal Consumption - EJ,Gas Consumption - EJ,Geo Biomass Other - TWh,Hydro Generation - TWh,Nuclear Generation - TWh,Solar Generation - TWh,Wind Generation -TWh,Oil Consumption - EJ
Africa,1965,1.164586098,0.034357515,0,13.90563517,0,0,0,1.173241355
Africa,1966,1.163239896,0.038411698,0,15.51000414,0,0,0,1.284153639
Africa,1967,1.189049705,0.037964411,0,16.19063636,0,0,0,1.273798935
Africa,1968,1.236646479,0.038480291,0,18.93834056,0,0,0,1.344218567
Africa,1969,1.247914518,0.044971199,0,22.10088962,0,0,0,1.362729473
Africa,1970,1.298724838,0.05587317,0,27.63042982,0,0,0,1.506263866
Africa,1971,1.378844347,0.066258949,0.164,26.0133909,0,0,0,1.702945651
Africa,1972,1.383158892,0.088814365,0.165,29.63319642,0,0,0,1.84581668
Africa,1973,1.472077272,0.142386449,0.17,31.34570755,0,0,0,1.98518736
Africa,1974,1.532326414,0.160266555,0.175,35.66707429,0,0,0,2.052104297
Africa,1975,1.623889813,0.193098159,0.172,37.71796997,0,0,0,2.147126701
Africa,1976,1.731866962,0.219533004,0.185,41.79763324,0,0,0,2.383952875
Africa,1977,1.770114438,0.245643087,0.189,45.92876812,0,0,0,2.523974662
Africa,1978,1.720136098,0.350531632,0.195,46.30693874,0,0,0,2.657353228
Africa,1979,1.826089187,0.535834137,0.201,49.56523298,0,0,0,2.833672534
Africa,1980,1.956805414,0.672890318,0.207,48.31178436,0,0,0,2.998350248
Africa,1981,2.28887562,0.822568162,0.218,50.19290606,0,0,0,3.190958232
Africa,1982,2.524233177,0.888240775,0.236,50.20623713,0,0,0,3.34994324
Africa,1983,2.56768577,0.976591249,0.23,45.24716006,0,0,0,3.46372813
Africa,1984,2.746432338,0.93565001,0.234,44.48997332,3.925,0,0,3.537495142
Africa,1985,2.833797202,1.003833889,0.269,49.44968505,5.315,0,0,3.61703254
Africa,1986,2.899281947,1.127776329,0.659,51.1453733,8.803,0,0,3.563445293
Africa,1987,2.981951036,1.164183686,0.658,49.05646031,6.167,0,0,3.74359888
Africa,1988,3.204578897,1.290400346,0.626,53.59345636,10.493,0,0,3.918183682
Africa,1989,3.008235103,1.337295748,0.617,56.27621477,11.099,0,0,4.062759892
Africa,1990,3.160115501,1.435123384,0.765731343,57.25465912,8.449,0,0,4.126926071
Africa,1991,3.071500447,1.445888135,0.788,60.65148841,9.144,0,0,4.15549736
Africa,1992,3.089882693,1.516572927,0.82425,57.86029168,9.288000285,0,0,4.251372111
Africa,1993,3.137814743,1.485518319,0.9157,56.68250727,7.255000053,0,0.002,4.300878103
Africa,1994,3.219007431,1.554580628,0.821,57.59604857,9.696999854,0,0.0054,4.400074707
Africa,1995,3.318490224,1.660476592,1.0207,59.76887687,11.30099943,0,0.0063,4.553974689
Africa,1996,3.364386619,1.743090293,1.260093088,62.31645867,11.77500009,0,0.0071,4.667258267
Africa,1997,3.449957037,1.70811193,1.388640408,63.85249756,12.64699988,0,0.0072,4.793833389
Africa,1998,3.370706203,1.79761318,1.714549286,66.65488788,13.60099945,0,0.0076,4.909741668
Africa,1999,3.475730232,1.814470587,1.696124799,70.68426132,12.83699988,0,0.0198,5.086056238
Africa,2000,3.467786094,2.004560483,2.269063158,75.24581662,13.01000009,0.013141,0.176,5.114313708
Africa,2001,3.512115583,2.313598154,2.335352632,80.86411472,10.71899964,0.01636,0.41608,5.180285836
Africa,2002,3.362763339,2.452550854,2.2864,85.18146813,11.99099944,0.01947101,0.444584,5.274392282
Africa,2003,3.660165512,2.605408065,2.6224,82.87260146,12.66299922,0.02302901,0.541199,5.415338909
Africa,2004,4.025843997,2.836419185,2.9841,87.40546926,13.36512271,0.02746101,0.769280505,5.673156576
Africa,2005,3.736912492,2.942487317,3.0148,89.06573418,11.29265416,0.03237601,0.782382111,5.959170493
Africa,2006,3.789957632,3.070838839,3.77529,92.24055301,10.02599942,0.04065701,0.852565606,6.000113216
Africa,2007,3.852661365,3.269021097,3.14685,95.34056181,11.31699987,0.053333293,1.016223364,6.200857151
Africa,2008,4.246142075,3.412028425,3.271422,97.15720925,13.00399966,0.075132202,1.312178131,6.549066277
Africa,2009,4.227939159,3.440749024,3.56272219,99.7611369,12.80599944,0.098152927,1.589730939,6.787939446
Africa,2010,4.190915091,3.561003542,3.829542064,107.4268326,13.52699988,0.21382075,2.284182434,7.127721644
Africa,2011,4.120680235,3.859499605,3.929656611,110.444821,12.902,0.452785301,2.537472939,6.934442062
Africa,2012,4.017909404,4.143867141,4.089949862,110.9523002,12.96743391,0.551142126,2.96173124,7.311970002
Africa,2013,4.070296569,4.198677097,4.438767925,117.6728464,14.10599837,0.82434814,3.559784303,7.573095873
Africa,2014,4.264063565,4.316121372,5.552723204,123.7267948,13.79399967,1.83130817,5.158121834,7.699941538
Africa,2015,4.026683174,4.624571388,7.13598651,119.8568199,12.237,3.595709874,8.888286283,7.874370484
Africa,2016,4.273702573,4.752819408,7.206840106,115.80125,15.913439,4.939309565,11.30582067,7.945153048
Africa,2017,4.257177348,5.043189901,7.571012851,123.8156247,15.756337,6.984050652,12.4581791,7.990910258
Africa,2018,4.405359655,5.357267402,8.059533374,130.3878399,11.090427,9.850222858,14.28779541,8.07404612
Africa,2019,4.472387315,5.404600526,8.184247278,132.7347905,14.214193,19.37797783,17.5080525,8.278639845
Asia Pacific,1965,10.01063321,0.202435084,1.644,156.0895546,0.025,0,0,6.82870408
Asia Pacific,1966,10.5534439,0.224601311,1.643,162.3118272,0.584,0,0,7.869195482
Asia Pacific,1967,10.27547522,0.257009443,1.424,152.8667474,0.629,0,0,9.171314919
Asia Pacific,1968,10.42823933,0.28014491,1.577,168.249119,1.044,0,0,10.48789245
Asia Pacific,1969,11.70067628,0.369361528,1.608,174.1638034,1.8067816,0,0,12.18403562
Asia Pacific,1970,13.07209892,0.512369011,1.776704,180.7100104,5.8891424,0,0,14.16686923
Asia Pacific,1971,13.99266858,0.610383273,1.754611,199.2820798,9.0308814,0,0,15.75318786
Asia Pacific,1972,14.53172847,0.70709495,1.785591,205.116013,10.606947,0,0,16.96405222
Asia Pacific,1973,14.88303504,0.872681259,1.834998,194.011624,12.0404432,0,0,19.29942516
Asia Pacific,1974,15.2450506,1.088312338,2.496269105,217.9046095,22.0280238,0,0,19.17443224
Asia Pacific,1975,16.40682442,1.264362591,2.654334368,232.4442504,27.8782862,0,0,19.0841722
Asia Pacific,1976,16.79645109,1.461594153,2.587064579,233.2533699,37.2521292,0,0,20.29652651
Asia Pacific,1977,17.91208118,1.799168567,2.622443474,227.038314,34.0082302,0,0,21.3382976
Asia Pacific,1978,18.78946438,2.158475217,2.917471368,237.0464094,66.738046,0,0,22.64535357
Asia Pacific,1979,19.6997869,2.467273337,3.712920421,256.9818747,82.2736382,0,0,23.23711706
Asia Pacific,1980,20.82242093,2.64829235,5.173433158,273.4472188,96.7950508,0,0,22.03474293
Asia Pacific,1981,21.51012989,2.677326214,7.071965421,289.7296902,104.0191674,0,0,21.40759019
Asia Pacific,1982,22.26398689,2.784841748,15.95189475,282.6671874,121.6514556,0,0,20.73582558
Asia Pacific,1983,23.56814,3.075303688,18.06780657,299.3413708,145.5096622,0,0,21.04115203
Asia Pacific,1984,25.60945276,3.597818586,19.74213741,299.406694,175.0157916,0,0,21.84273434
Asia Pacific,1985,27.63085904,3.90971035,20.79148751,320.0446134,209.9467762,0,0,21.78819217
Asia Pacific,1986,28.69300177,4.268408767,21.68989005,328.1591022,226.16808,0,0,22.65211708
Asia Pacific,1987,30.7592401,4.531141885,22.00974994,326.8912812,266.6734152,0,0,23.38541634
Asia Pacific,1988,32.95873099,4.832488891,23.82670473,361.7862617,250.9199886,0,0,25.40212543
Asia Pacific,1989,34.4446904,5.073389295,26.24333903,388.0435299,265.5964838,0,0,26.96125113
Asia Pacific,1990,35.1828474,5.472770916,22.33408198,399.2715428,287.1385048,0.004,0.032323232,28.48358598
Asia Pacific,1991,36.62432011,6.004665567,22.83825194,410.5242724,306.127962,0.00945,0.122000909,29.71719451
Asia Pacific,1992,37.89439671,6.412825567,23.00633425,401.5246502,314.3659846,0.0276,0.22047404,31.72608965
Asia Pacific,1993,39.8833993,6.71974309,22.89851394,440.2869206,348.4297924,0.0431,0.311836667,33.11789362
Asia Pacific,1994,41.87299642,7.315180834,26.37097959,443.2981976,372.0585378,0.0534,0.583588081,35.07696075
Asia Pacific,1995,42.86250234,7.662551741,30.90213872,483.4344319,410.2016684,0.070660101,1.121601313,37.22294901
Asia Pacific,1996,44.73975308,8.365556204,31.45602397,473.4094407,431.27951,0.098160606,0.991205066,39.03286655
Asia Pacific,1997,44.94443178,9.038775604,34.93782766,475.8946677,459.452648,0.147015452,1.213950041,40.92475845
Asia Pacific,1998,44.89919353,9.244216287,37.54185188,506.6742947,478.3517351,0.202918856,1.489550167,40.00002563
Asia Pacific,1999,46.4440132,9.982579105,41.20269497,500.2429652,486.4709344,0.286266606,2.053249006,41.86893723
Asia Pacific,2000,48.02023137,10.74351329,44.60806485,521.6520706,500.0392753,0.428484426,2.56394698,43.09285541
Asia Pacific,2001,50.22775988,11.40007076,45.24425452,570.4627559,506.6039518,0.608506426,3.517409418,43.36186327
Asia Pacific,2002,54.07201456,11.92840693,47.07413449,578.9078874,519.2896707,0.829111425,4.067013247,44.75555149
Asia Pacific,2003,61.82703255,12.91845031,49.24454746,594.3534075,462.02941,1.116570608,5.340875855,46.61279282
Asia Pacific,2004,69.51898447,13.6882778,53.02552883,699.1512328,530.210443,1.463785013,9.1866934,49.20545056
Asia Pacific,2005,79.04312051,14.70528108,60.19216537,727.87445,553.1420954,1.852540528,12.01919361,49.60060586
Asia Pacific,2006,85.11107129,15.82267361,64.50003345,801.696935,567.9177098,2.29110778,18.56980713,50.76194875
Asia Pacific,2007,92.20382293,17.04234213,71.1330306,852.1729591,544.7646746,2.757475173,24.65101102,52.45548811
Asia Pacific,2008,94.74950812,18.13433035,79.03590767,997.7759893,528.9005726,3.362340344,36.12928498,52.23175137
Asia Pacific,2009,97.8444074,18.56339155,87.99922241,968.0859571,553.402872,4.40856319,54.87951482,52.65564926
Asia Pacific,2010,102.3066659,20.79590826,98.11610115,1097.686867,582.9454167,6.778469872,81.52535563,55.97250081
Asia Pacific,2011,109.8335651,22.43524875,104.6336163,1117.780568,483.1317975,12.24619503,113.6320139,57.7495948
Asia Pacific,2012,112.1984332,23.91794605,112.965958,1261.992655,342.9137212,17.62427339,147.7703711,60.17664225
Asia Pacific,2013,115.179828,24.78868331,124.7250196,1385.568357,346.8992981,32.46389579,188.8090806,61.17142042
Asia Pacific,2014,115.9552215,25.51612895,140.7061428,1521.868225,371.0538028,63.01369399,214.8385502,62.1266529
Asia Pacific,2015,115.26787,25.92745401,159.2544845,1565.635742,419.8680201,95.62750983,243.3391816,64.5019137
Asia Pacific,2016,114.8076851,26.55166435,160.6610688,1622.959568,467.8140954,141.6795735,312.5371645,66.8843866
Asia Pacific,2017,116.2809237,27.94050096,185.5970392,1671.971119,493.3364447,219.8893719,388.0033371,68.8243571
Asia Pacific,2018,119.6154984,29.91720783,208.6085196,1710.85692,554.1414518,313.2193249,463.7105424,70.26730897
Asia Pacific,2019,122.218429,31.31727197,238.0228726,1783.656628,647.3322035,393.9218413,514.2596164,71.53934267
Central America,1965,1.31E-05,0,0,1.356,0,0,0,0.168874196
Central America,1966,6.56E-05,0,0,1.493,0,0,0,0.170572605
Central America,1967,9.23E-05,0,0,1.686,0,0,0,0.179426325
Central America,1968,6.77E-05,0,0,1.865,0,0,0,0.183003989
Central America,1969,0.000120186,0,0,2.065,0.051,0,0,0.19434633
Central America,1970,4.00E-05,0,0,2.3407,0.045,0,0,0.201013395
Central America,1971,6.64E-05,0,0.107,2.3249,0.042,0,0,0.210563
Central America,1972,0.000289892,0,0.141,2.4749,0.073,0,0,0.229425439
Central America,1973,0.000415508,0,0.117,2.6368,0.046,0,0,0.240775168
Central America,1974,0.000173104,0,0.156,2.9355,0.026,0,0,0.245590188
Central America,1975,4.58E-05,0,0.338,2.7535,0.025,0,0,0.272521729
Central America,1976,2.75E-05,0,0.724,2.9213,0.018,0,0,0.2792554
Central America,1977,2.82E-05,0,0.699,2.9274,0,0,0,0.282832902
Central America,1978,3.00E-05,0,0.752,3.9839,0,0,0,0.286552274
Central America,1979,5.97E-05,0,0.642,4.8552,0,0,0,0.286649045
Central America,1980,0.000617804,0,0.682105263,5.5565,0,0,0,0.269301309
Central America,1981,0.000604155,0,1.109105263,5.7702,0,0,0,0.267191337
Central America,1982,0.000115388,0,1.198105263,5.5823,0,0,0,0.267337943
Central America,1983,0.000115388,0,1.026105263,6.1957,0,0,0,0.263733428
Central America,1984,3.17E-05,0,1.237105263,6.9695,0,0,0,0.257764209
Central America,1985,0.000945205,0,0.93699,7.97932,0,0,0,0.257972864
Central America,1986,0.00098096,0,0.86075,9.32351,0,0,0,0.257750258
Central America,1987,0.001055485,0,0.910516,9.683975,0,0,0,0.27702199
Central America,1988,0.000542605,0,0.883962,10.314301,0,0,0,0.268586935
Central America,1989,0.001425064,0,1.171867,11.134195,0,0,0,0.280738732
Central America,1990,0.00101583,0,1.220755632,11.642524,0,0,0,0.289824758
Central America,1991,0.001423064,0,1.335063916,11.327269,0,0,0,0.316063861
Central America,1992,0.00131244,0,1.821653174,10.786794,0,0,0,0.359431593
Central America,1993,0.001665291,0,1.722010021,12.02355,0,0,0,0.383616215
Central America,1994,0.001684388,0,1.693057221,11.615682,0,0,0,0.419865085
Central America,1995,0.00131344,0,1.750838895,11.462188,0,0,0,0.465110885
Central America,1996,0.003633508,0,1.739425295,13.22581172,0,0,0.022590363,0.454244469
Central America,1997,0.001779351,0,1.850832364,12.76568365,0,0,0.07571247,0.492455034
Central America,1998,0.001845477,0,1.61432093,12.8490742,0,0,0.064208431,0.564558863
Central America,1999,0.003677587,0,2.413701431,14.99534609,0,0,0.099656086,0.556840913
Central America,2000,0.010880827,0,2.805617862,15.36546054,0,1.40E-05,0.174979082,0.573947613
Central America,2001,0.011556873,0,3.053275196,13.71155626,0,6.90E-05,0.179424203,0.614805511
Central America,2002,0.014884865,0,3.326333067,14.46167484,0,0.000117,0.254314367,0.613272447
Central America,2003,0.016797,0,3.546236776,15.09187076,0,0.000193,0.230223844,0.640741373
Central America,2004,0.017245252,0,3.720174545,16.03553485,0,0.000241,0.255434028,0.653872985
Central America,2005,0.019573379,0,3.99598306,17.11805057,0,0.000677778,0.202313114,0.649586079
Central America,2006,0.017207502,0,4.295154444,18.0028641,0,0.000684778,0.272162622,0.687214456
Central America,2007,0.019347991,0,4.755688466,17.94422393,0,0.000780778,0.240396695,0.727146251
Central America,2008,0.020612912,0,4.91883755,20.10239067,0,0.000966778,0.198077205,0.729343308
Central America,2009,0.016962453,0,5.294476896,18.83387783,0,0.001083778,0.421386562,0.72217995
Central America,2010,0.020163789,0,6.028449144,21.23518904,0,0.001193778,0.521872796,0.730067133
Central America,2011,0.029628536,0,6.10040416,20.91769443,0,0.001671556,0.741757132,0.774011113
Central America,2012,0.036468283,0,6.965124286,22.31394066,0,0.003880889,1.12925645,0.7816041
Central America,2013,0.045746892,0,7.433595683,21.8820601,0,0.005075459,1.34897902,0.780632871
Central America,2014,0.04745607,0,7.933003437,21.53857752,0,0.015774872,2.093953671,0.807438624
Central America,2015,0.058713216,0,8.125693906,22.47301022,0,0.59978398,3.135330651,0.876482123
Central America,2016,0.067374791,0,8.880873284,22.88686948,0,1.182012959,3.299471698,0.907532624
Central America,2017,0.055502677,0,8.64184815,27.22946783,0,1.465638491,3.209574678,0.920723218
Central America,2018,0.086660086,0.006543542,9.453268545,26.9684217,0,1.804420173,4.435549854,0.921164572
Central America,2019,0.096610794,0.017254076,10.42436856,22.63960862,0,1.860138633,4.450899653,0.952089964
Eastern Africa,1965,0.075891216,0,0,6.047535583,0,0,0,0.235403329
Eastern Africa,1966,0.08830944,3.33E-05,0,7.167577181,0,0,0,0.247977145
Eastern Africa,1967,0.089172279,3.33E-05,0,7.010666915,0,0,0,0.260843242
Eastern Africa,1968,0.093981013,3.33E-05,0,7.197782812,0,0,0,0.271688498
Eastern Africa,1969,0.091164677,3.33E-05,0,7.911901587,0,0,0,0.287774579
Eastern Africa,1970,0.103222265,3.33E-05,0,11.33999603,0,0,0,0.300941731
Eastern Africa,1971,0.10523685,3.33E-05,0.126,8.903069341,0,0,0,0.359418106
Eastern Africa,1972,0.098183593,3.33E-05,0.127,10.89128424,0,0,0,0.373477442
Eastern Africa,1973,0.107835721,3.33E-05,0.132,11.24931016,0,0,0,0.392101931
Eastern Africa,1974,0.099287772,3.33E-05,0.136,14.26752775,0,0,0,0.392664512
Eastern Africa,1975,0.090229883,3.33E-05,0.133,15.18858164,0,0,0,0.377472326
Eastern Africa,1976,0.11912867,3.33E-05,0.146,16.7437111,0,0,0,0.377868073
Eastern Africa,1977,0.097052761,3.33E-05,0.149,19.09278482,0,0,0,0.384966913
Eastern Africa,1978,0.094933878,3.33E-05,0.155,18.23881829,0,0,0,0.377810337
Eastern Africa,1979,0.093196228,3.60E-05,0.161,19.775,0,0,0,0.384968397
Eastern Africa,1980,0.096912201,3.78E-05,0.167,18.07855516,0,0,0,0.398887896
Eastern Africa,1981,0.091009623,3.60E-05,0.177,18.87867266,0,0,0,0.38669159
Eastern Africa,1982,0.087875705,3.78E-05,0.195,19.57458153,0,0,0,0.373057306
Eastern Africa,1983,0.097315028,3.78E-05,0.189,19.37967266,0,0,0,0.369676939
Eastern Africa,1984,0.091677444,1.44E-05,0.192,18.88710072,0,0,0,0.375682837
Eastern Africa,1985,0.097832491,1.35E-05,0.227,19.69168505,0,0,0,0.384289063
Eastern Africa,1986,0.113459161,9.00E-06,0.617,18.8453733,0,0,0,0.408621693
Eastern Africa,1987,0.134576457,3.60E-06,0.615,16.42696031,0,0,0,0.414134548
Eastern Africa,1988,0.135486697,6.30E-06,0.583,18.61845636,0,0,0,0.450941304
Eastern Africa,1989,0.133236435,4.50E-06,0.574,18.02621477,0,0,0,0.469317673
Eastern Africa,1990,0.188512536,5.40E-06,0.713,21.34556821,0,0,0,0.478788616
Eastern Africa,1991,0.154801385,4.50E-06,0.716,21.7425571,0,0,0,0.466188212
Eastern Africa,1992,0.158302611,1.08E-05,0.709,19.63298965,0,0,0,0.468244124
Eastern Africa,1993,0.19078909,1.17E-05,0.698,20.53253248,0,0,0,0.481172835
Eastern Africa,1994,0.170745084,1.17E-05,0.586,20.67232138,0,0,0,0.50654114
Eastern Africa,1995,0.166153749,1.80E-05,0.73,20.86189792,0,0,0,0.524261766
Eastern Africa,1996,0.153934725,1.80E-05,0.894093088,20.73567681,0,0,0,0.541210721
Eastern Africa,1997,0.170922908,2.07E-05,0.912093088,21.81301753,0,0,0,0.549294686
Eastern Africa,1998,0.161890604,4.89E-05,1.146501965,27.86504585,0,0,0,0.556845854
Eastern Africa,1999,0.137764403,7.00E-05,1.132186176,29.36587441,0,0,0,0.587509165
Eastern Africa,2000,0.127619925,8.33E-05,1.499763158,30.85414875,0,0,0.0001,0.591451632
Eastern Africa,2001,0.135096837,7.67E-05,1.595652632,34.95843275,0,0.000174,0,0.623442652
Eastern Africa,2002,0.128090383,9.45E-05,1.4887,37.99841311,0,0.000347,0.0003,0.631289516
Eastern Africa,2003,0.105143095,0.000106435,1.8968,38.37888566,0,0.000347,0.0004,0.634689325
Eastern Africa,2004,0.128710474,0.004524265,2.1822,38.95177123,0,0.000521,0.0009,0.6923225
Eastern Africa,2005,0.118573084,0.015110943,2.1533,40.26362098,0,0.001199,0.0013,0.72314193
Eastern Africa,2006,0.096573868,0.018696399,2.29319,42.55958519,0,0.004787,0.0048,0.765136404
Eastern Africa,2007,0.099992101,0.02084126,2.20555,46.38664501,0,0.009414283,0.011,0.785910018
Eastern Africa,2008,0.074154306,0.022157493,2.321822,45.78768141,0,0.017751192,0.01607,0.806526222
Eastern Africa,2009,0.084974471,0.026170913,2.67872219,48.02024298,0,0.031578917,0.0267,0.842803072
Eastern Africa,2010,0.116297707,0.030376951,2.936542064,53.97224482,0,0.094765865,0.03821,0.874558613
Eastern Africa,2011,0.128438311,0.034381142,2.938756611,55.6134678,0,0.174578791,0.03413,0.920909122
Eastern Africa,2012,0.104089498,0.039569011,3.089649862,58.06110447,0,0.244559864,0.1539782,0.931689469
Eastern Africa,2013,0.159060565,0.041126626,3.371167925,61.7577976,0,0.305468381,0.3147111,1.000358832
Eastern Africa,2014,0.245804168,0.045183849,4.564418028,65.98849179,0,0.383772607,0.4413035,1.032308088
Eastern Africa,2015,0.204280117,0.057885296,6.175652605,65.26675794,0,0.440134351,0.7777217,1.127483072
Eastern Africa,2016,0.161686789,0.073256204,6.233396518,61.78309996,0,0.488976476,0.8899006,1.17616713
Eastern Africa,2017,0.185372259,0.071866303,6.482231848,64.10331552,0,0.558037532,0.79209496,1.249326124
Eastern Africa,2018,0.214027891,0.07334681,7.045418704,67.30841411,0,0.766820818,0.863372502,1.290071963
Eastern Africa,2019,0.183086839,0.081523739,7.170132608,68.85537134,0,6.96366484,2.370659427,1.327771574
Europe,1965,21.94117441,1.364923101,3.009,302.1953528,19.677,0,0,17.93004884
Europe,1966,21.05178611,1.545336912,4.101,324.5698894,25.791,0,0,19.6812426
Europe,1967,20.36959389,1.851699826,4.489,324.4627437,29.874,0,0,21.36419068
Europe,1968,20.68412954,2.399055491,4.997,336.2366779,33.812,0,0,23.49334114
Europe,1969,20.95445345,3.094313568,5.422904,330.9759087,41.103,0,0,26.16201757
Europe,1970,20.61009788,3.907397728,7.118356961,346.0780688,44.563,0,0,29.00150321
Europe,1971,19.7282076,4.811608274,7.231883626,349.5631541,50.867,0,0,30.43329535
Europe,1972,19.05823435,5.857586653,7.12260804,363.832965,67.513,0,0,32.5713478
Europe,1973,19.36125584,6.657113606,7.663391239,369.3127146,74.378,0,0,34.90197383
Europe,1974,19.18549662,7.540007191,8.0420602,399.2912848,87.379,0,0,32.85507518
Europe,1975,18.73581188,8.094944839,8.520942081,407.5107662,116.658,0,0,31.71741648
Europe,1976,19.6199563,8.801101029,8.485597232,376.8346999,136.099,0,0,33.87934515
Europe,1977,19.5715908,9.217241371,8.880291321,456.2716391,161.4421053,0,0,33.58296183
Europe,1978,19.93300163,9.588088025,9.372139078,455.5287082,181.5450526,0,0.003,35.28260594
Europe,1979,20.8021252,10.12295481,9.762957992,479.1498824,202.4217368,0,0.006,36.08741794
Europe,1980,21.19153646,10.11183372,10.74094928,464.7666471,236.5016842,0,0.0105,33.65539564
Europe,1981,20.83265513,10.0124379,10.75352315,470.435388,319.7351579,0,0.0105,31.35980454
Europe,1982,20.94973024,9.821834545,9.836121004,466.309649,352.4089474,0,0.0185,29.83554047
Europe,1983,21.24137523,10.21337535,10.13665216,480.1258491,415.7588421,0,0.0301,29.00750496
Europe,1984,21.20519908,10.69833477,10.51057781,485.1935345,528.4577895,0.001010101,0.0382,29.17838864
Europe,1985,26.0618518,14.49525832,10.96141274,502.9945407,695.5217842,0.001010101,0.0574,32.63837999
Europe,1986,25.84082924,14.8655163,13.01880956,486.0931835,738.8383337,0.001010101,0.1336,33.64309062
Europe,1987,26.04888595,15.52203162,12.87530129,529.5056594,768.9284988,0,0.1908,33.79945088
Europe,1988,25.51318636,15.65608724,13.6780998,567.4690014,846.2282843,0.001010101,0.3297,33.96731033
Europe,1989,25.19621408,16.09092416,13.53727589,493.8059307,886.8244254,0.009090909,0.5154,33.8502294
Europe,1990,23.97043958,17.37691401,18.95285263,502.4571504,894.4116842,0.0125,0.779460415,34.41851496
Europe,1991,22.58273757,17.59298495,19.549433,513.0917745,917.7954737,0.0155,0.980027988,33.94012623
Europe,1992,21.27105045,16.62826998,20.709603,529.6566497,924.2205789,0.027088,1.53504808,33.35411175
Europe,1993,19.86878179,16.71196913,22.879095,550.4667647,960.6898947,0.032383,2.284826092,32.36614742
Europe,1994,18.72704684,16.23050384,24.01789971,557.1966285,952.1283158,0.0376885,2.979235703,32.18707905
Europe,1995,18.52648537,17.14673533,26.49863146,564.8899094,976.9412105,0.04684,3.863029201,32.71835552
Europe,1996,17.9994178,18.99808282,26.68019984,548.0862941,1032.181474,0.053811411,4.828585245,33.30836254
Europe,1997,17.50578822,18.56136889,31.66351939,567.678972,1042.499947,0.063926244,7.295492956,33.42972306
Europe,1998,17.03081246,18.82993287,36.11504184,593.9041617,1033.895566,0.0870885,11.17647914,34.22356211
Europe,1999,16.08880556,19.57994133,38.09960017,598.1808529,1040.453262,0.091198056,14.24432177,33.86190267
Europe,2000,16.55625026,20.10580985,42.3312483,617.66352,1048.820605,0.13447325,22.4547142,33.46905551
Europe,2001,16.40501154,20.50058849,44.95466864,612.0409616,1082.005867,0.1702025,26.93428666,34.01094685
Europe,2002,16.39625313,20.56579824,50.65633618,563.9424434,1095.455172,0.276755006,36.42594931,33.86762194
Europe,2003,17.0486501,21.49477464,57.9809708,529.5685025,1104.809786,0.468697744,44.53115229,34.06178254
Europe,2004,16.76642807,22.01642617,68.80114151,570.1533941,1122.65995,0.751097873,59.29678686,34.39533661
Europe,2005,16.36927024,22.5918479,78.67317876,571.7251909,1110.194654,1.486383246,71.09674937,34.5921793
Europe,2006,17.13942637,22.42229836,89.27725775,561.9088764,1108.070743,2.524087814,83.16413988,34.70776568
Europe,2007,17.3626285,22.22513325,99.46983003,563.9636046,1055.812656,3.815704819,105.7131938,34.00897283
Europe,2008,16.37948902,22.53240574,110.0447411,593.0331391,1055.097976,7.501071132,121.3539015,33.68468823
Europe,2009,14.6717103,20.78814527,120.7465527,589.7448745,1004.692726,14.19283506,135.3832286,32.01868237
Europe,2010,15.33534667,22.42552244,136.8909383,649.8001668,1032.048072,23.26343602,153.4434969,31.65359413
Europe,2011,15.98571395,20.89473246,146.1651356,569.648632,1024.165609,46.71354931,186.6574032,30.78967843
Europe,2012,16.34388658,20.36504701,161.9937713,625.8061066,998.3669089,71.86993816,214.8374201,29.76343738
Europe,2013,15.80564292,19.9574478,171.7380753,661.6366665,986.4854372,86.9351168,248.0939118,29.23197683
Europe,2014,14.84388051,18.00130429,183.5229332,644.059662,992.7019247,98.83569401,264.813831,28.64224294
Europe,2015,14.19977147,18.32986799,196.6572063,635.8995303,968.2678974,109.883454,318.8069569,29.33002638
Europe,2016,13.6838233,19.34748818,201.5577094,651.4348399,942.170014,113.952463,322.9244416,30.04490801
Europe,2017,13.22829303,20.12077642,208.2711957,584.7782318,936.1229454,124.4746944,383.9344918,30.60023456
Europe,2018,12.9152856,19.72804215,215.0079387,645.2554448,935.8100693,138.55657,402.7751069,30.45603726
Europe,2019,11.3467701,19.94882509,220.335262,632.5383017,928.4674725,154.6634587,461.5876104,30.40247034
Europe (other),1965,0.379122551,0.01245375,0,9.40833685,0,0,0,0.175245229
Europe (other),1966,0.370488467,0.01522935,0,10.35547212,0,0,0,0.206097179
Europe (other),1967,0.323834843,0.01762416,0,11.18760738,0,0,0,0.251802433
Europe (other),1968,0.337931231,0.02202831,0,12.35174265,0,0,0,0.292511765
Europe (other),1969,0.333009815,0.027316395,0,15.34087791,0,0,0,0.314051484
Europe (other),1970,0.349521875,0.03589551,0,15.39301318,0,0,0,0.374080404
Europe (other),1971,0.386355185,0.04266198,0,16.5238766,0,0,0,0.473677213
Europe (other),1972,0.37779973,0.052318305,0,19.06574002,0,0,0,0.492204179
Europe (other),1973,0.396971536,0.05692437,0,17.70460343,0,0,0,0.536582054
Europe (other),1974,0.408220102,0.062247465,0,22.14146685,0,0,0,0.601812088
Europe (other),1975,0.436399408,0.06600474,0,21.09233027,0,0,0,0.591285346
Europe (other),1976,0.463590406,0.07076907,0,22.62919369,0,0,0,0.629431607
Europe (other),1977,0.463067727,0.07482312,0,26.72805711,0,0,0,0.685433027
Europe (other),1978,0.510078357,0.08407575,0,27.77192052,0,0,0,0.750228349
Europe (other),1979,0.561407727,0.09856413,0,29.43278394,0,0,0,0.80434696
Europe (other),1980,0.538981749,0.11710728,0,31.64264736,0,0,0,0.738341564
Europe (other),1981,0.616688327,0.11637963,0,28.53370291,0.291,0,0,0.680492316
Europe (other),1982,0.636758737,0.14496588,0,26.84175847,2.533,0,0,0.696686232
Europe (other),1983,0.721038591,0.15605388,0,25.22681402,3.916,0,0,0.742313579
Europe (other),1984,0.785766089,0.17396793,0,28.83086958,4.42,0,0,0.698548234
Europe (other),1985,0.852393715,0.348137705,0,33.01269853,4.053,0,0,0.973722227
Europe (other),1986,0.868512465,0.367103964,0,37.54565288,4.019,0,0,1.018677349
Europe (other),1987,0.843893651,0.405576537,0,38.67528844,4.495,0,0,1.021954281
Europe (other),1988,0.850675837,0.41128132,0,38.68767479,4.135,0,0,1.096004346
Europe (other),1989,0.819148803,0.432401082,0,35.64239955,4.688,0,0,1.050553044
Europe (other),1990,0.660594257,0.301583071,0,23.28519583,0,0,0,0.715325504
Europe (other),1991,0.562334196,0.283520943,0,28.50613309,0,0,0,0.553078341
Europe (other),1992,0.5306403,0.269614304,0,24.70171436,0,0,0,0.425451488
Europe (other),1993,0.482835315,0.18600762,0,22.61378139,0,0,0.000427273,0.375579248
Europe (other),1994,0.341911556,0.139422099,0,25.48877999,0,0,0.000611111,0.349541036
Europe (other),1995,0.387374343,0.132435767,0,25.601664,0,0,0.000575758,0.337590966
Europe (other),1996,0.406697162,0.097191438,0.0142855,31.92751011,0,0,0.000585859,0.39385607
Europe (other),1997,0.463252476,0.124411083,0.012857,28.95645402,0,0,0.000555556,0.432768975
Europe (other),1998,0.513381602,0.112550183,0.0142855,29.22175559,0,0,0.000551515,0.412150641
Europe (other),1999,0.422374086,0.102289708,0.011802,31.4153479,0,0,0.000567677,0.370910031
Europe (other),2000,0.503821139,0.107926899,0.011311,28.05486785,0,0,0.000528283,0.406866804
Europe (other),2001,0.500798181,0.110030846,0.0111205,27.22140601,0,0.000136,0.000509091,0.474803055
Europe (other),2002,0.53051365,0.11335228,0.010448,27.18613487,0,0.000272,0.000558586,0.509084262
Europe (other),2003,0.561897141,0.11523688,0.0110195,27.04860335,0,0.000372,0.003023232,0.559510522
Europe (other),2004,0.581094108,0.142778869,0.026295,31.3273999,0,0.000472,0.007584848,0.601605473
Europe (other),2005,0.532634776,0.13903734,0.027092,32.03152202,0,0.000572,0.011446465,0.62638013
Europe (other),2006,0.559202418,0.160190043,0.030424434,29.92154235,0,0.000572,0.016139394,0.641476683
Europe (other),2007,0.529458638,0.153708542,0.042457635,25.53957282,0,0.000972,0.016928283,0.673455424
Europe (other),2008,0.571471252,0.131063879,0.0351045,27.5240696,0,0.001172,0.014110101,0.674725618
Europe (other),2009,0.580064572,0.106423539,0.038141805,31.92673189,0,0.003118101,0.016166667,0.675084462
Europe (other),2010,0.583328499,0.127954738,0.037162076,40.5520339,0,0.00592325,0.015731313,0.684244623
Europe (other),2011,0.655649564,0.152020358,0.042921,26.91305216,0,0.015168,0.015682828,0.68564059
Europe (other),2012,0.590122797,0.142070439,0.054928288,27.5931063,0,0.032551247,0.011906061,0.646828187
Europe (other),2013,0.610815981,0.150458395,0.069249937,36.02995678,0,0.052843,0.023875758,0.634157574
Europe (other),2014,0.504003393,0.148165822,0.068187877,32.56955638,0,0.10399425,0.037026465,0.633574581
Europe (other),2015,0.575634281,0.162703641,0.105492721,32.30550619,0,0.2376205,0.058574626,0.655848563
Europe (other),2016,0.599124469,0.166311288,0.120255074,35.70714833,0,0.315163981,0.089617151,0.700882948
Europe (other),2017,0.593635097,0.19120025,0.168230427,28.77366307,0,0.3787205,0.293734582,0.734888865
Europe (other),2018,0.604589174,0.191963939,0.19749359,38.7788913,0,0.258141576,0.627333376,0.733123244
Europe (other),2019,0.765679319,0.194974414,0.229191356,34.06605012,0,0.294001102,1.497692906,0.743048862
Middle Africa,1965,0.007618697,0.0003879,0,3.935,0,0,0,0.085955661
Middle Africa,1966,0.008407792,0.0003879,0,4.093,0,0,0,0.087650208
Middle Africa,1967,0.008023705,0.0005949,0,3.846,0,0,0,0.089714019
Middle Africa,1968,0.008786474,0.0008775,0,4.012,0,0,0,0.092147465
Middle Africa,1969,0.00943729,0.0008433,0,4.36,0,0,0,0.095129862
Middle Africa,1970,0.008977776,0.0020547,0,4.865,0,0,0,0.096598908
Middle Africa,1971,0.009308406,0.0046998,0,5.19,0,0,0,0.113594977
Middle Africa,1972,0.008855822,0.0055338,0,5.31,0,0,0,0.118758802
Middle Africa,1973,0.008989218,0.0187506,0,5.756,0,0,0,0.122439166
Middle Africa,1974,0.008821755,0.0214836,0,5.651,0,0,0,0.12823144
Middle Africa,1975,0.008626566,0.0081711,0,6.207,0,0,0,0.12331671
Middle Africa,1976,0.009275688,0.0025146,0,5.975,0,0,0,0.128295029
Middle Africa,1977,0.009380902,0.003942,0,6.132,0,0,0,0.136071155
Middle Africa,1978,0.008781101,0.0040383,0,6.161,0,0,0,0.159967466
Middle Africa,1979,0.007876627,0.0037647,0,6.299,0,0,0,0.163311979
Middle Africa,1980,0.008781101,0.0094167,0,6.639,0,0,0,0.16301793
Middle Africa,1981,0.008932454,0.0110277,0,7.012,0,0,0,0.173195932
Middle Africa,1982,0.008617942,0.0126009,0,7.3,0,0,0,0.160502871
Middle Africa,1983,0.008448125,0.0135261,0,7.709,0,0,0,0.182782848
Middle Africa,1984,0.008615011,0.0130122,0,8.065,0,0,0,0.164965685
Middle Africa,1985,0.00859056,0.0147726,0,9.145,0,0,0,0.184771355
Middle Africa,1986,0.0087479,0.0168408,0,9.438,0,0,0,0.1780056
Middle Africa,1987,0.008873211,0.0194274,0,9.454,0,0,0,0.181902695
Middle Africa,1988,0.008954853,0.0232416,0,9.604,0,0,0,0.191940009
Middle Africa,1989,0.009199153,0.0179001,0,11.446,0,0,0,0.195158974
Middle Africa,1990,0.00928925,0.022194,0.003,10.288,0,0,0,0.177173722
Middle Africa,1991,5.13E-09,0.0236376,0.008,9.976,0,0,0,0.169349476
Middle Africa,1992,6.37E-07,0.0230823,0.008,10.821,0,0,0,0.168827869
Middle Africa,1993,1.29E-07,0.0229203,0.008,10.213,0,0,0,0.175064624
Middle Africa,1994,1.80E-08,0.0213651,0.009,9.732,0,0,0,0.172842433
Middle Africa,1995,0,0.0238581,0.009,10.831,0,0,0,0.167536086
Middle Africa,1996,5.21E-07,0.0235476,0.007,10.867,0,0,0,0.169291109
Middle Africa,1997,1.98E-06,0.0240309,0.007,10.138,0,0,0,0.175139064
Middle Africa,1998,6.93E-08,0.024841224,0.007,9.925,0,0,0,0.16548699
Middle Africa,1999,1.07E-06,0.0240957,0.007,10.329,0,0,0,0.175006435
Middle Africa,2000,6.84E-08,0.025146,0.007,11.3598,0,0,0,0.191380524
Middle Africa,2001,7.37E-07,0.0522243,0.007,11.6228,0,4.80E-05,0,0.203074457
Middle Africa,2002,4.46E-06,0.067793398,0.007,11.7011,0,0.000405,0,0.208612043
Middle Africa,2003,2.69E-06,0.0752859,0.007,12.1149,0,0.000587,0,0.23134474
Middle Africa,2004,1.41E-05,0.094928175,0.007,13.9772,0,0.000834,0,0.24572217
Middle Africa,2005,3.23E-06,0.109560285,0.008,14.4562,0,0.001256,0,0.228336582
Middle Africa,2006,2.68E-06,0.109138752,0.65,15.644,0,0.001637,0,0.259887497
Middle Africa,2007,4.88E-06,0.098867187,0.084,15.122,0,0.004487,0,0.29403941
Middle Africa,2008,7.76E-06,0.117956163,0.085,16.192,0,0.007803,0,0.336464363
Middle Africa,2009,7.87E-06,0.117233049,0.079,16.12,0,0.010288,0,0.376342796
Middle Africa,2010,1.11E-05,0.131630063,0.067,16.8208,0,0.013519,0,0.409895511
Middle Africa,2011,7.32E-06,0.146938086,0.07,17.116,0,0.016594,0,0.450881676
Middle Africa,2012,0.000167378,0.146629692,0.073,16.9244,0,0.020063,0,0.474127875
Middle Africa,2013,1.04E-05,0.131774055,0.078,19.3679,0,0.023546,0,0.52779512
Middle Africa,2014,0.000136896,0.129885021,0.082,20.4127,0,0.028389,0,0.570297682
Middle Africa,2015,2.66E-07,0.143701288,0.013,20.7246,0,0.032699,0,0.553282068
Middle Africa,2016,2.71E-06,0.181471048,0.014,21.3136,0,0.038616,0.0089,0.534317733
Middle Africa,2017,2.71E-06,0.186056508,0.013772,24.38346121,0,0.045344,0.0089,0.479556214
Middle Africa,2018,2.71E-06,0.180999366,0.013772,26.15259317,0,0.068199314,0.0089,0.485524778
Middle Africa,2019,2.71E-06,0.163851816,0.013772,27.38665085,0,0.068222034,0.0089,0.497118162
Middle East,1965,0.009106951,0.136340202,0,2.345857,0,0,0,1.846452401
Middle East,1966,0.009974905,0.166235575,0,2.5461166,0,0,0,1.898713847
Middle East,1967,0.010990961,0.197493566,0,2.8287956,0,0,0,1.959635158
Middle East,1968,0.012085435,0.256089262,0,3.0811522,0,0,0,2.025132817
Middle East,1969,0.013327835,0.306022655,0,3.3959282,0,0,0,2.090939896
Middle East,1970,0.014660708,0.338505027,0,3.57964,0,0,0,2.186782999
Middle East,1971,0.010434762,0.378678371,0,3.7548982,0,0,0,2.300872157
Middle East,1972,0.016071744,0.427477152,0,4.5691648,0,0,0,2.477856934
Middle East,1973,0.027151147,0.517671454,0,3.7504174,0,0,0,2.668510252
Middle East,1974,0.029499565,0.545355278,0,4.8159366,0,0,0,2.839271005
Middle East,1975,0.054343743,0.613527004,0,5.4404544,0,0,0,2.733056939
Middle East,1976,0.05357647,0.660811224,0,6.3250392,0,0,0,3.132123895
Middle East,1977,0.05419687,0.770596092,0,7.0982018,0,0,0,3.549587637
Middle East,1978,0.033308464,0.841968905,0,9.812257,0,0,0,3.687377874
Middle East,1979,0.047833269,1.140370024,0,9.6158292,0,0,0,4.188757852
Middle East,1980,0.050401117,1.141273099,0,9.6827022,0,0,0,4.007716814
Middle East,1981,0.042269933,1.236439358,0,10.2143526,0,0,0,4.389025468
Middle East,1982,0.07999769,1.38233474,0,10.6058718,0,0,0,4.822347067
Middle East,1983,0.097232945,1.414224954,0,10.2208704,0,0,0,5.377456836
Middle East,1984,0.112164916,1.816101446,0,10.3732856,0,0,0,5.86668621
Middle East,1985,0.11786738,1.959811961,0,10.438,0,0,0,6.217090873
Middle East,1986,0.125769462,2.372572344,0,11.079,0,0,0,6.164815729
Middle East,1987,0.130686943,2.601626335,0,13.915,0,0,0,6.515618963
Middle East,1988,0.128129143,2.894550887,0,14.299,0,0,0,6.806576983
Middle East,1989,0.124396527,3.264936496,0,12.624,0,0,0,6.994803773
Middle East,1990,0.128975044,3.444525668,0,15.273264,0,0,0.001,7.133807958
Middle East,1991,0.149962049,3.603610962,0,11.009184,0,0,0.001,7.478437136
Middle East,1992,0.169698708,4.118492018,0,17.827066,0,0,0.001,7.904420722
Middle East,1993,0.198495811,3.858290477,0,20.046732,0,0,0.001,8.482905819
Middle East,1994,0.207680125,4.463507224,0,16.549761,0,0,0.001,9.381464589
Middle East,1995,0.221185483,4.908429837,0,18.652707,0,0,0.001,9.397862791
Middle East,1996,0.260446013,5.118206916,0,18.698375,0,0,0.001,9.620354222
Middle East,1997,0.279876677,5.410307419,0,15.927055,0,0,0.003,10.05861744
Middle East,1998,0.304289709,5.839180378,0,17.21056,0,0,0.003,9.855618753
Middle East,1999,0.297280653,6.228977886,0,11.80105,0,0,0.038,9.815610381
Middle East,2000,0.322142064,6.598607085,0.003,10.722177,0,0,0.0395,10.26405918
Middle East,2001,0.362576799,7.014391397,0.005,11.617796,0,0,0.0467,10.64190213
Middle East,2002,0.380370293,7.726076701,0.005,16.823881,0,0,0.0443,10.86013048
Middle East,2003,0.397030707,8.11248663,0.006,18.484583,0,0,0.0426,11.28146138
Middle East,2004,0.403451267,8.936159516,0.006,23.082362,0,0,0.0614,11.95756235
Middle East,2005,0.410577521,9.58664675,0.005,23.918103,0,0,0.086,12.77160172
Middle East,2006,0.410070242,10.14755026,0.006,28.254223,0,0.0001,0.1394,13.34270814
Middle East,2007,0.415429696,11.01522779,0.01,26.705812,0,0.0001,0.155,13.85058242
Middle East,2008,0.404017101,12.13524811,0.016,13.690433,0,0.003509,0.2101,14.70943881
Middle East,2009,0.401284346,12.50183591,0.0507,12.116322,0,0.034263,0.2405,15.19608107
Middle East,2010,0.420506409,13.68289956,0.0802,17.390324,0,0.0977515,0.2222,15.46470137
Middle East,2011,0.429621041,14.33123807,0.217844,18.255754,0.111111111,0.226232,0.2258,15.92480062
Middle East,2012,0.499232737,14.78900005,0.219444,21.407371,1.477777778,0.428846603,0.2166,16.61278743
Middle East,2013,0.468279427,15.23861486,0.183244,23.509758,4.322222222,0.687959,0.228089,17.09075463
Middle East,2014,0.469928855,16.1091256,0.233044,19.94348,4.14,1.3032625,0.217278,17.23558033
Middle East,2015,0.439308447,17.21713196,0.209344,16.767386,3.547,1.871606,0.383278,17.17910206
Middle East,2016,0.404953704,18.02693508,0.260744,20.16335624,6.473956284,3.171378918,0.710811757,17.51424418
Middle East,2017,0.399302839,18.79753867,0.264384,20.78146506,6.957606557,4.394268,0.829902215,17.33663195
Middle East,2018,0.385401778,19.64927546,0.256412,14.50554198,6.885377049,6.102454636,1.132160657,17.31240653
Middle East,2019,0.399434016,20.1007057,0.256412,33.29686612,6.41063388,11.92157892,1.156046417,17.80391634
North America,1965,12.284108,16.04353397,13.3322321,325.9250859,3.977156842,0,0,26.64837811
North America,1966,12.83707254,17.29833995,14.0620069,341.0549071,5.982430526,0,0,27.98729855
North America,1967,12.60834586,18.20988759,14.07357074,372.1618131,8.21112,0,0,29.16176147
North America,1968,13.0824446,19.53334029,15.5460451,376.9967051,14.10580947,0,0,31.18587656
North America,1969,13.11035319,21.11426593,16.22706038,420.0725222,15.18988316,0,0,32.84974052
North America,1970,13.04656045,22.30081861,16.23590253,426.6343657,23.98905053,0,0,34.2689506
North America,1971,12.35532996,23.03922946,16.58441397,449.286999,44.37704737,0,0,35.44687565
North America,1972,12.80291471,23.44874057,18.67297844,475.8859879,64.14903684,0,0,38.25470241
North America,1973,13.72305904,23.41038454,20.15069177,489.237701,103.1271189,0,0,40.39658279
North America,1974,13.43126515,22.71014593,20.86726481,534.6596515,134.6704632,0,0,39.17368761
North America,1975,13.42412883,21.07621626,20.27230196,523.8668212,194.1542895,0,0,38.56863527
North America,1976,14.44678632,21.45932054,23.85075354,519.7664626,218.5776116,0,0,41.37639375
North America,1977,15.02705975,21.17301009,25.19712186,465.1972596,290.4296663,0,0,43.46689723
North America,1978,14.70016885,21.38238959,26.40878666,537.7995091,322.1526,0,0,43.29547298
North America,1979,15.93264474,22.17307121,28.12003724,548.0643293,303.8548137,0,0,42.79535838
North America,1980,16.48407465,21.8084139,28.87111632,550.0601111,302.3641842,0,0,40.24716311
North America,1981,16.97813999,21.35933035,30.23960327,557.1427616,327.09174,0,0,37.91341403
North America,1982,16.46158452,20.20634301,29.84004895,596.2483061,335.9930505,0,0,35.92401856
North America,1983,17.09636585,19.07252461,33.24259916,625.3626313,357.7438095,0.003,0.002694949,35.47067068
North America,1984,18.39495067,20.38057706,39.35632614,637.3132374,397.08742,0.00530101,0.006555556,36.72215211
North America,1985,18.76828587,19.84471037,39.71089442,619.2546533,464.4059758,0.010737374,0.006820202,36.7034154
North America,1986,18.48074275,18.60256641,43.9606722,628.9074687,507.09654,0.014173737,0.005231313,38.01569093
North America,1987,19.30365154,19.63748216,49.39543318,590.9013894,556.4929811,0.01060303,0.004576768,38.93359769
North America,1988,20.21872519,20.62113309,49.51206126,557.6557606,637.5754705,0.009185859,0.001879798,40.45953758
North America,1989,20.45393081,21.87347662,57.00626789,590.5281167,636.9043337,0.253132323,2.134376768,40.76784443
North America,1990,20.49422973,21.87499914,66.53731526,612.4451818,682.6198189,0.371794949,2.819686869,40.09594267
North America,1991,20.27183296,22.35003935,70.36827563,617.2272699,733.3863021,0.480252873,2.983677778,39.32210059
North America,1992,20.4250412,23.13524934,75.64593509,593.4140268,735.28454,0.413897109,2.976689899,40.10010214
North America,1993,21.03139754,23.77715792,78.24148435,628.119774,740.6270147,0.481214524,3.096188889,40.39067953
North America,1994,21.19835069,24.40670306,78.30638277,607.4682215,785.4704021,0.508925425,3.545928283,41.58768956
North America,1995,21.44716454,25.41330293,76.81738876,672.8782162,814.4515505,0.523313678,3.262215152,41.39794089
North America,1996,22.41623267,25.8741474,78.53902995,733.4778323,810.24068,0.553235954,3.334736364,42.83275141
North America,1997,22.91216007,26.06668582,79.87154943,731.0148396,754.1414432,0.545643096,3.395247475,43.56125063
North America,1998,23.20999548,25.7189532,80.74296554,677.5521434,789.4177411,0.541764609,3.133258586,44.43939295
North America,1999,23.13274802,26.00082449,81.48087001,694.3182846,849.5652884,0.538605228,4.712331313,45.50978202
North America,2000,24.18645101,27.12688876,81.85850952,662.5963083,874.0862,0.541933707,5.932758586,46.10445382
North America,2001,23.59721577,25.95206661,82.75008204,570.1963593,894.1789558,0.601930003,7.152384848,46.03501034
North America,2002,23.79827108,26.95127628,87.90652127,632.3038082,905.8667127,0.63233444,10.88486869,46.0028336
North America,2003,24.08094558,26.51343358,87.69914659,625.9625373,888.8022393,0.641443792,12.00947071,46.82134468
North America,2004,24.15443792,26.65689974,89.01173328,626.1293987,928.9817111,0.721395596,15.25160707,48.54324248
North America,2005,24.58757309,26.4402349,89.88983493,656.0929395,925.3484481,0.776374318,19.56145354,48.65472701
North America,2006,24.23540499,26.28407702,89.50728264,668.8777747,936.8005948,0.85711634,29.35071414,48.04528666
North America,2007,24.54359389,27.79497321,91.11012021,638.0051964,952.1309913,1.133357867,38.02311206,48.07664807
North America,2008,24.09303869,28.01606512,89.4265981,667.7655011,953.7970815,1.687062564,59.96583737,45.37046124
North America,2009,21.15092824,27.69707033,89.64898716,666.9424904,940.8656778,2.212260394,81.87046086,43.06993108
North America,2010,22.4520624,28.89068007,92.80545386,645.8174774,945.3475448,3.298236421,105.5716323,43.9509032
North America,2011,21.2485724,29.75581805,93.35586762,728.0894848,934.8213877,5.351504128,133.2273992,43.40522871
North America,2012,18.83814075,30.92351305,94.71085627,686.2078517,912.7944809,9.987013756,157.2439426,42.56699685
North America,2013,19.48329392,32.00694225,99.02340288,686.3600421,945.0639791,17.64449548,184.8650833,43.02995954
North America,2014,19.39348402,32.7852595,101.002109,677.1447275,955.3338281,31.55696162,202.7334502,43.17246733
North America,2015,16.94884003,33.62815658,101.1644967,659.5379254,951.81258,42.56726263,228.3564836,43.73552562
North America,2016,15.56149294,33.77935176,101.4105295,679.8934409,959.3895532,58.9441953,270.5966281,44.09177202
North America,2017,15.28498459,33.67250344,101.3813468,723.2417154,958.793027,82.82488995,299.0047726,44.32410848
North America,2018,14.49978906,36.92864453,98.94620933,707.8789495,963.2435546,101.3422222,321.6788303,45.18130321
North America,2019,12.4067919,38.07449794,96.90001643,676.9255854,963.7468263,125.1126051,354.8726162,44.77949219
Other Asia & Pacific,1965,0.453469511,0.008383028,0,10.046,0,0,0,0.123455091
Other Asia & Pacific,1966,0.485888947,0.01074276,0,10.029,0,0,0,0.130426392
Other Asia & Pacific,1967,0.532011973,0.016387324,0,10.241,0,0,0,0.139366242
Other Asia & Pacific,1968,0.581748065,0.01930366,0,10.258,0,0,0,0.147549598
Other Asia & Pacific,1969,0.625032803,0.020504552,0,10.346,0,0,0,0.154951846
Other Asia & Pacific,1970,0.676168961,0.021431475,0,10.377,0,0,0,0.16236198
Other Asia & Pacific,1971,0.760526318,0.022517865,0,10.651,0,0,0,0.166845563
Other Asia & Pacific,1972,0.7779858,0.018626535,0,11.061,0,0,0,0.188541871
Other Asia & Pacific,1973,0.795103916,0.040816688,0,11.236,0,0,0,0.186090651
Other Asia & Pacific,1974,0.826050057,0.066080768,0,11.518,0,0,0,0.204907933
Other Asia & Pacific,1975,0.865873548,0.0581859,0,11.871,0,0,0,0.201745579
Other Asia & Pacific,1976,0.916828636,0.054657,0,12.33,0,0,0,0.213179402
Other Asia & Pacific,1977,0.979597374,0.060606,0,12.502,0,0,0,0.220236032
Other Asia & Pacific,1978,1.036725683,0.0431145,0,12.893,0,0,0,0.25374086
Other Asia & Pacific,1979,1.102543334,0.0564219,0,13.788,0,0,0,0.279768993
Other Asia & Pacific,1980,1.171546518,0.0654075,0,13.90441553,0,0,0,0.314836129
Other Asia & Pacific,1981,1.206003437,0.0752292,0,14.09603954,0,0,0,0.324867812
Other Asia & Pacific,1982,1.276953315,0.0783279,0,14.59253263,0,0,0,0.316244174
Other Asia & Pacific,1983,1.329680601,0.0889317,0,14.80302197,0,0,0,0.322419997
Other Asia & Pacific,1984,1.372662562,0.0923328,0.001052632,15.20716868,0,0,0,0.30580941
Other Asia & Pacific,1985,1.438513071,0.1014975,0,16.72101219,0,0,0,0.344353371
Other Asia & Pacific,1986,1.432581958,0.1067805,0,17.78236804,0,0,0,0.357718394
Other Asia & Pacific,1987,1.374111844,0.1080036,0,18.79691138,0,0,0,0.345945733
Other Asia & Pacific,1988,1.394443711,0.098187975,0,20.78164987,0,0,0,0.347067491
Other Asia & Pacific,1989,1.377152327,0.08725653,0,21.30950008,0,0,0,0.344920396
Other Asia & Pacific,1990,1.304782265,0.07956396,0.045,22.26113639,0,0,0,0.37115062
Other Asia & Pacific,1991,1.275911234,0.0919323,0.045,21.54928524,0,0,0,0.342101671
Other Asia & Pacific,1992,1.109119231,0.114383655,0.02,20.64514487,0,0,0,0.321191024
Other Asia & Pacific,1993,1.017669796,0.12427578,0.02,20.2229167,0,0,0,0.335420159
Other Asia & Pacific,1994,0.937966164,0.12939399,0.02,21.36288125,0,0,0,0.333407697
Other Asia & Pacific,1995,0.865509998,0.1600218,0.02,21.8245139,0,0,0,0.354629139
Other Asia & Pacific,1996,0.757494122,0.148235535,0.02,20.84053048,0,0,0.001640218,0.379000391
Other Asia & Pacific,1997,0.743038813,0.16304796,0,18.53405831,0,2.00E-06,0.004917092,0.386570403
Other Asia & Pacific,1998,0.680786449,0.143096236,0,18.51586125,0,1.20E-05,0.005854207,0.407819591
Other Asia & Pacific,1999,0.762997956,0.145659814,0,19.7394497,0,9.00E-06,0.005816067,0.39071202
Other Asia & Pacific,2000,0.824358951,0.133520795,0,21.54977239,0,0.002766,0.007372049,0.416279818
Other Asia & Pacific,2001,0.848673777,0.132714213,0.020117021,22.63581057,0,0.005155,0.006910847,0.430499608
Other Asia & Pacific,2002,0.809926325,0.135162862,0.025141427,23.0003369,0,0.006067,0.008239989,0.451100791
Other Asia & Pacific,2003,0.829679817,0.164319438,0.033072426,24.23395931,0,0.007737,0.004802829,0.478856367
Other Asia & Pacific,2004,0.833080197,0.172140636,0.039097227,25.36834928,0,0.009136,0.011548401,0.478130242
Other Asia & Pacific,2005,0.885223131,0.200990605,0.044902674,27.1901124,0,0.011329,0.017633918,0.465687984
Other Asia & Pacific,2006,0.908358306,0.205272692,0.046789474,29.22266711,0,0.014656,0.028420607,0.484718832
Other Asia & Pacific,2007,0.778309118,0.230881453,0.038653,32.45847417,0,0.01706002,0.04085638,0.519753152
Other Asia & Pacific,2008,0.856532543,0.228474976,0.035532,34.40416071,0,0.02588402,0.044700987,0.5093858
Other Asia & Pacific,2009,0.686613379,0.197356157,0.045486,34.15875219,0,0.02920002,0.058080343,0.547849871
Other Asia & Pacific,2010,0.674049411,0.244742931,0.05362,41.03303635,0,0.029941835,0.067700481,0.635934009
Other Asia & Pacific,2011,0.562190441,0.270255627,0.069007,47.03081315,0,0.046033626,0.058779589,0.657030824
Other Asia & Pacific,2012,0.582628401,0.307099525,0.075447,47.84369435,0,0.094742473,0.073443805,0.683754241
Other Asia & Pacific,2013,0.453980151,0.310516023,0.083663772,53.52473993,0,0.109591281,0.120554739,0.73060429
Other Asia & Pacific,2014,0.510263186,0.363877467,0.101097984,53.18473154,0,0.141866692,0.198100709,0.793796795
Other Asia & Pacific,2015,0.486631624,0.432430837,0.128339453,49.93265275,0,0.221264287,0.235114965,0.871038613
Other Asia & Pacific,2016,0.602406312,0.410305429,0.131509562,58.14220445,0,0.342193341,0.23860767,0.893009251
Other Asia & Pacific,2017,0.614678628,0.410804811,0.174815,60.65353226,0,0.455560137,0.250311557,0.924748346
Other Asia & Pacific,2018,1.231549258,0.406156705,0.16789,58.69843178,0,0.527867084,0.382624402,0.965794222
Other Asia & Pacific,2019,1.24666808,0.369827859,0.16789,63.18515514,0,0.696738323,0.549047576,1.028945774
Other CIS,1985,0.21507526,0.280914086,0,22.3886804,5.2679248,0,0,0.628855993
Other CIS,1986,0.230231618,0.274635815,0,20.6430174,2.7532862,0,0,0.597451068
Other CIS,1987,0.231347961,0.29920894,0,21.1203126,4.331012,0,0,0.590345738
Other CIS,1988,0.196566107,0.393996805,0,29.1194266,4.8127266,0,0,0.590774606
Other CIS,1989,0.186044679,0.436374256,0,25.9153616,1.2772066,0,0,0.561752247
Other CIS,1990,0.1845881,0.403735121,0,28.698,0,0,0,0.591377368
Other CIS,1991,0.164932956,0.334529068,0,28.353,0,0,0,0.439607792
Other CIS,1992,0.095991608,0.302792104,0,28.491,0,0,0,0.350063527
Other CIS,1993,0.080125817,0.218105367,0,30.853,0,0,0,0.215263817
Other CIS,1994,0.077544686,0.186973322,0,32.216,0,0,0,0.100712013
Other CIS,1995,0.038471397,0.183506473,0,27.961,0.304,0,0,0.096113637
Other CIS,1996,0.042200936,0.20458907,0,29.093,2.324,0,0,0.08597222
Other CIS,1997,0.033153448,0.214203198,0,26.406,1.607,0,0,0.084594375
Other CIS,1998,0.031894309,0.219845021,0,25.957,1.589,0,0,0.081801883
Other CIS,1999,0.031920833,0.172179977,0,29.318,2.078,0,0,0.065084467
Other CIS,2000,0.025071492,0.162095262,0,29.38,2.005,0,0,0.061893122
Other CIS,2001,0.01817738,0.17127609,0,27.975,1.987,0,0,0.06519414
Other CIS,2002,0.027774963,0.158326218,0,28.022,2.282,0,0,0.06676591
Other CIS,2003,0.032524728,0.142899949,0,31.763,1.998,0,0,0.073657116
Other CIS,2004,0.030440567,0.173180907,0,32.7693,2.201,0,0,0.081102963
Other CIS,2005,0.034927684,0.181559616,0,33.1304,2.716,0,0,0.087278656
Other CIS,2006,0.03355446,0.187650787,0,32.5522,2.6403,0,0.0026,0.095767192
Other CIS,2007,0.033135722,0.212123246,0,33.3336,2.5534,0,0.0029,0.114695997
Other CIS,2008,0.042308184,0.213663078,0,28.767,2.4616,0,0.0019,0.123441705
Other CIS,2009,0.040266526,0.191889952,0,28.4007,2.4937,7.38E-06,0.0043,0.13029441
Other CIS,2010,0.040676316,0.18540227,0,30.6456,2.49,8.06E-05,0.0041,0.128251753
Other CIS,2011,0.046402338,0.196988227,0,33.3671,2.548,0.000166,0.003,0.133124789
Other CIS,2012,0.053401165,0.205266244,0,33.6939,2.311,0.001123821,0.0042,0.148526302
Other CIS,2013,0.057172939,0.171356101,0.0035,32.6551,2.3597,0.00420775,0.0033,0.15408479
Other CIS,2014,0.068803161,0.189435104,0.013,31.8782,2.4648,0.00812075,0.005,0.149407214
Other CIS,2015,0.075723622,0.186571448,0.015,30.391,2.7877,0.01044875,0.0057,0.153923313
Other CIS,2016,0.070893963,0.185071728,0.014,30.6715,2.3805,0.010767705,0.005,0.168364219
Other CIS,2017,0.080395938,0.181884859,0.023,33.8908,2.6196,0.01014375,0.0091,0.160188619
Other CIS,2018,0.087455187,0.211175315,0.0198,35.3074,2.0761,0.01284375,0.0248,0.177408978
Other CIS,2019,0.116909723,0.198431965,0.0198,35.60478256,2.1978,0.02114375,0.0262,0.181171704
Other Caribbean,1965,0.0020934,0.0001053,0,0.365,0,0,0,0.751947909
Other Caribbean,1966,0.0020934,0.0001053,0,0.413,0.012,0,0,0.778942958
Other Caribbean,1967,0.0020934,0.0001053,0,0.322,0.038,0,0,0.812285477
Other Caribbean,1968,0.0020934,0.0001053,0,0.331,0.018,0,0,0.830181423
Other Caribbean,1969,0.0020934,0.0001053,0,0.352,0,0,0,0.851534559
Other Caribbean,1970,0.00167472,0.000157968,0,0.419,0,0,0,0.980169444
Other Caribbean,1971,0.001381644,0.00031464,0.97,0.922,0,0,0,0.999974025
Other Caribbean,1972,0.001381644,0.000337608,0.831,0.929,0,0,0,1.070973565
Other Caribbean,1973,0.001172304,0.000649584,0.978,0.855,0,0,0,1.157899405
Other Caribbean,1974,0.00125604,0.000779256,0.984,0.829,0,0,0,1.14980043
Other Caribbean,1975,0.001558848,0.00070272,1.012,0.771,0,0,0,1.118879297
Other Caribbean,1976,0.00125604,0.000942192,1.103,1.166,0,0,0,1.135183273
Other Caribbean,1977,0.002344608,0.00079362,1.193,0.815,0,0,0,1.191796529
Other Caribbean,1978,0.002344608,0.000713412,1.339,1.143,0,0,0,1.221614936
Other Caribbean,1979,0.001967796,0.001080288,1.289,1.381,0,0,0,1.258748144
Other Caribbean,1980,0.00230274,0.00109422,1.292,1.054,0,0,0,1.422117296
Other Caribbean,1981,0.002260872,0.000785016,1.308,1.839,0,0,0,1.436414931
Other Caribbean,1982,0.004103064,0.000683712,1.406,1.217,0,0,0,1.246238415
Other Caribbean,1983,0.008566908,0.000678276,1.515,1.376,0,0,0,1.187152015
Other Caribbean,1984,0.006930614,0.000809604,1.289,1.634,0,0,0,1.262850543
Other Caribbean,1985,0.01351553,0.001144908,1.209,1.622,0,0,0,1.173855763
Other Caribbean,1986,0.010801081,0.00113454,1.266,2.055,0,0,0,1.151572256
Other Caribbean,1987,0.01688372,0.00161586,1.304,2.233,0,0,0,1.192278822
Other Caribbean,1988,0.01596611,0.001676124,1.422,2.465,0,0,0,1.201706356
Other Caribbean,1989,0.014622092,0.002165904,1.389,1.305,0,0,0,1.265758266
Other Caribbean,1990,0.013790361,0.002191104,1.603842105,1.256,0,0,0,1.243999611
Other Caribbean,1991,0.014390235,0.001796832,1.367842105,1.292,0,0,0,1.214431243
Other Caribbean,1992,0.013197915,0.001475856,1.47,1.315,0,0,0,1.158830705
Other Caribbean,1993,0.014656534,0.001715292,1.064,1.705,0,0,0.001717172,1.168630664
Other Caribbean,1994,0.011317183,0.001528524,1.131,0.937,0,0,0.007777778,1.236989347
Other Caribbean,1995,0.011722527,0.001590588,0.951,1.105200001,0,0,0.007777778,1.236113029
Other Caribbean,1996,0.009613279,0.001734156,1.222171095,1.468450842,0,0,0.007365622,1.281675837
Other Caribbean,1997,0.010057201,0.002202444,1.179,1.190061593,0,0,0.008021528,1.361006563
Other Caribbean,1998,0.012210592,0.005988816,1.040475684,1.771973217,0,0,0.009122949,1.404449867
Other Caribbean,1999,0.014673695,0.018980352,1.217120065,2.439964621,0,0.00010101,0.011434835,1.342359319
Other Caribbean,2000,0.015986957,0.035350548,1.335506422,1.550694504,0,0.000124,0.039549714,1.526822708
Other Caribbean,2001,0.018001451,0.047269836,1.268928861,1.373568079,0,0.000324,0.048077823,1.549624792
Other Caribbean,2002,0.036874153,0.046786824,1.183012225,1.727742087,0,0.00034,0.060919371,1.556721342
Other Caribbean,2003,0.067055735,0.061162356,0.96512454,2.198370145,0,0.00034,0.06469161,1.542930384
Other Caribbean,2004,0.077874513,0.056429182,1.052867153,2.290195155,0,0.000455,0.095316464,1.551952202
Other Caribbean,2005,0.067905453,0.059572507,0.758547457,2.603758129,0,0.005058138,0.106660361,1.564293116
Other Caribbean,2006,0.087285344,0.078392081,0.756636889,2.516979458,0,0.004414269,0.122777256,1.581623857
Other Caribbean,2007,0.089620313,0.088952399,0.870527813,2.347079651,0,0.006245111,0.128433333,1.523393265
Other Caribbean,2008,0.084151886,0.090313908,0.946907296,2.08482391,0,0.009853889,0.138945505,1.469500563
Other Caribbean,2009,0.075933569,0.087682554,0.956838755,2.199663491,0,0.01964899,0.193240071,1.367426301
Other Caribbean,2010,0.078987434,0.088677679,0.823836086,2.067394087,0,0.045815939,0.281628609,1.346392171
Other Caribbean,2011,0.087969219,0.098853235,0.87651982,2.144136187,0,0.086085984,0.350376079,1.342921767
Other Caribbean,2012,0.079352606,0.116076093,1.02599263,2.380956409,0,0.204296164,0.66921737,1.32046901
Other Caribbean,2013,0.087015227,0.129327209,1.11800111,2.452678832,0,0.252203199,1.007686567,1.264062737
Other Caribbean,2014,0.098949094,0.13243919,1.05469983,1.774895643,0,0.335156809,1.060656703,1.236447029
Other Caribbean,2015,0.093080448,0.132329893,1.158018476,1.362697485,0,0.437543562,1.146479137,1.281320902
Other Caribbean,2016,0.093578927,0.137770075,1.192786301,1.915135431,0,0.554476503,1.160241175,1.319234134
Other Caribbean,2017,0.08410924,0.129926045,1.302580414,2.699130986,0,0.695645204,1.319636475,1.291810948
Other Caribbean,2018,0.090498824,0.147876238,1.241802812,2.353638193,0,0.81180835,1.402193311,1.330218934
Other Caribbean,2019,0.140308363,0.180206639,1.280340664,1.529603182,0,1.277795411,1.806608016,1.295401293
Other Middle East,1965,0.000272803,0.0017559,0,0.556,0,0,0,0.244485178
Other Middle East,1966,0.000261529,0.002106,0,0.606,0,0,0,0.254265624
Other Middle East,1967,0.000272753,0.002106,0,0.734,0,0,0,0.26438046
Other Middle East,1968,0.000278659,0.0094797,0,0.814,0,0,0,0.275065927
Other Middle East,1969,0.000306887,0.0108855,0,0.952,0,0,0,0.286080144
Other Middle East,1970,0.000299984,0.023404212,0,0.928,0,0,0,0.277752768
Other Middle East,1971,0.000317276,0.03412242,0,0.89,0,0,0,0.289528308
Other Middle East,1972,0.000263852,0.042579756,0,0.869,0,0,0,0.28252303
Other Middle East,1973,0.000571456,0.060373656,0,0.495,0,0,0,0.304020625
Other Middle East,1974,0.000389456,0.074441304,0,1.15,0,0,0,0.325890277
Other Middle East,1975,0.000417633,0.078335028,0,1.55,0,0,0,0.359234547
Other Middle East,1976,0.00027838,0.083233548,0,2.03,0,0,0,0.404375095
Other Middle East,1977,0.00027838,0.090311436,0,2.568,0,0,0,0.445289011
Other Middle East,1978,0.000362451,0.099058716,0,2.895,0,0,0,0.468513816
Other Middle East,1979,0.000277878,0.109730988,0,3.201,0,0,0,0.543243822
Other Middle East,1980,0.000277878,0.089732304,0,3.411,0,0,0,0.534320181
Other Middle East,1981,0.000406873,0.0833418,0,3.508,0,0,0,0.572886361
Other Middle East,1982,0.000353743,0.130684572,0,3.609,0,0,0,0.645330113
Other Middle East,1983,0.000218425,0.137799036,0,3.362,0,0,0,0.695835535
Other Middle East,1984,0.000136197,0.1437561,0,3.91,0,0,0,0.752670547
Other Middle East,1985,5.64E-05,0.175342212,0,3.927,0,0,0,0.768360164
Other Middle East,1986,2.82E-05,0.208214496,0,3.423,0,0,0,0.755807739
Other Middle East,1987,2.82E-05,0.20247732,0,3.489,0,0,0,0.812731069
Other Middle East,1988,2.82E-05,0.232599528,0,3.443,0,0,0,0.814756371
Other Middle East,1989,0,0.263874759,0,3.289,0,0,0,0.80627861
Other Middle East,1990,0,0.280451854,0,3.239,0,0,0.001,0.848338207
Other Middle East,1991,5.64E-05,0.27986023,0,3.251,0,0,0.001,0.915609254
Other Middle East,1992,5.64E-05,0.317641783,0,3.375,0,0,0.001,0.926461524
Other Middle East,1993,0.00311276,0.334981558,0,3.326,0,0,0.001,0.948831107
Other Middle East,1994,0.003163235,0.349395747,0,3.383,0,0,0.001,0.977087744
Other Middle East,1995,0.005098768,0.373210755,0,3.185,0,0,0.001,1.053139942
Other Middle East,1996,0.005667587,0.387187138,0,3.371,0,0,0.001,1.054980464
Other Middle East,1997,0.005648166,0.463547931,0,3.353,0,0,0.003,1.113531393
Other Middle East,1998,0.005693747,0.519532951,0,3.5,0,0,0.003,1.154886989
Other Middle East,1999,0.005658823,0.528726353,0,3.066,0,0,0.003,1.162839637
Other Middle East,2000,0.005675352,0.532915365,0.003,3.7136,0,0,0.003,1.17806595
Other Middle East,2001,0.005672974,0.549968678,0.005,3.78479,0,0,0.003,1.208396089
Other Middle East,2002,0.005646546,0.58290625,0.005,4.230841,0,0,0.003,1.239230676
Other Middle East,2003,0.005639368,0.629732145,0.006,4.109683,0,0,0.003,1.274448667
Other Middle East,2004,0.005719878,0.597361613,0.006,5.371439,0,0,0.0041,1.354595042
Other Middle East,2005,0.005721049,0.621665116,0.005,4.548284,0,0,0.0041,1.523349612
Other Middle East,2006,0.005683941,0.67946748,0.006,4.739463,0,0,0.0041,1.546056539
Other Middle East,2007,0.005714927,0.70161856,0.01,4.166502,0,0,0.0041,1.615930533
Other Middle East,2008,0.007046018,0.745995115,0.009,3.304397,0,0.0027,0.0053,1.662193604
Other Middle East,2009,0.008057216,0.81623982,0.007,2.539112,0,0.003,0.0053,1.604872632
Other Middle East,2010,0.011182466,0.90768441,0.009,3.492252,0,0.0045385,0.0053,1.494927934
Other Middle East,2011,0.015451431,0.789011869,0.008,4.143245,0,0.006783,0.0053,1.468858887
Other Middle East,2012,0.021040665,0.733133787,0.006,4.475462,0,0.010233603,0.0063,1.391813994
Other Middle East,2013,0.019959762,0.755393111,0.006,4.249337,0,0.01724,0.0093,1.277130483
Other Middle East,2014,0.025518692,0.753665793,0.0035,2.591578,0,0.0432525,0.0107,1.266650121
Other Middle East,2015,0.016911442,0.806255401,0.0041,0.944749,0,0.198895,0.1314,1.096449194
Other Middle East,2016,0.018399242,0.82950837,0.0041,1.352745,0,1.054659918,0.399,1.054800051
Other Middle East,2017,0.016518798,0.84642181,0.0041,1.355566272,0,1.739095,0.457451,1.070982448
Other Middle East,2018,0.016518797,0.812864463,0.0104,1.273241272,0,2.565171323,0.715251,1.055107319
Other Middle East,2019,0.016518797,0.893014501,0.0104,1.832839272,0,2.869722347,0.715251,1.082429152
Other Northern Africa,1965,0.000782942,0.0003312,,0.042,0,0,0,0.059882777
Other Northern Africa,1966,0.000593419,0.0003312,,0.027,0,0,0,0.066383208
Other Northern Africa,1967,0.000636248,0.0003312,,0.037,0,0,0,0.071002222
Other Northern Africa,1968,0.000781857,0.0003726,,0.033,0,0,0,0.080938709
Other Northern Africa,1969,0.000729279,0.0003726,,0.039,0,0,0,0.090090229
Other Northern Africa,1970,0.00071951,0.0102618,,0.041,0,0,0,0.097637109
Other Northern Africa,1971,0.000795492,0.0077535,,0.05,0,0,0,0.091320219
Other Northern Africa,1972,0.00083736,0.0199197,,0.053,0,0,0,0.106323345
Other Northern Africa,1973,0.000879228,0.0368802,,0.071,0,0,0,0.136662049
Other Northern Africa,1974,0.000921096,0.0417663,,0.022,0,0,0,0.149090185
Other Northern Africa,1975,0.0010467,0.0605277,,0.031,0,0,0,0.153361338
Other Northern Africa,1976,0.000879228,0.0517788,,0.053,0,0,0,0.199611791
Other Northern Africa,1977,0.000544284,0.0586089,,0.03,0,0,0,0.226780311
Other Northern Africa,1978,0.000711756,0.0691803,,0.028,0,0,0,0.248663144
Other Northern Africa,1979,0.00083736,0.1432026,,0.04,0,0,0,0.271193698
Other Northern Africa,1980,0.000544284,0.1269891,,0.023,0,0,0,0.304547389
Other Northern Africa,1981,0.000669888,0.1205271,,0.029,0,0,0,0.340414633
Other Northern Africa,1982,0.000376812,0.1050777,,0.039,0,0,0,0.36812553
Other Northern Africa,1983,0.000711756,0.1087362,,0.03,0,0,0,0.38937037
Other Northern Africa,1984,0.00062802,0.1185048,,0.067,0,0,0,0.375284033
Other Northern Africa,1985,0.000544284,0.1636722,,0.109,0,0,0,0.392027173
Other Northern Africa,1986,0.000293076,0.1916298,,0.052,0,0,0,0.378289109
Other Northern Africa,1987,0.00041868,0.1929879,,0.113,0,0,0,0.43751055
Other Northern Africa,1988,0.000753624,0.1930878,,0.047,0,0,0,0.44803191
Other Northern Africa,1989,0.000753624,0.2388798,,0.034,0,0,0,0.452112386
Other Northern Africa,1990,0.000376812,0.219744,,0.044,0,0,0,0.4560256
Other Northern Africa,1991,0.000293076,0.205992,,0.1048,0,0,0,0.463780021
Other Northern Africa,1992,0.000376812,0.2239146,,0.0651,0,0,0,0.447476301
Other Northern Africa,1993,0.000376812,0.2152206,,0.064,0,0,0,0.497523781
Other Northern Africa,1994,0,0.2407212,,0.04,0,0,0,0.535507501
Other Northern Africa,1995,0,0.256339692,,0.039,0,0,0,0.562247951
Other Northern Africa,1996,0,0.271805904,,0.067,0,0,0,0.566896488
Other Northern Africa,1997,0,0.283914684,,0.044,0,0,0,0.590290594
Other Northern Africa,1998,0,0.29328606,,0.073,0,0,0,0.616653617
Other Northern Africa,1999,0,0.257967864,,0.09,0,0,0,0.641825086
Other Northern Africa,2000,0,0.293729688,,0.064,0,0.0012,0.0235,0.675055669
Other Northern Africa,2001,0,0.31816224,,0.054,0,0.0014,0.0245,0.671849377
Other Northern Africa,2002,0,0.313457976,,0.064,0,0.0016,0.031,0.667190743
Other Northern Africa,2003,0,0.303419556,,0.166,0,0.002018,0.0386,0.709078867
Other Northern Africa,2004,0,0.384831425,,0.153,0,0.002813,0.045,0.708391628
Other Northern Africa,2005,0,0.365045017,,0.145,0,0.003608,0.044,0.757390633
Other Northern Africa,2006,0,0.339405246,,0.092,0,0.004403,0.038,0.786807357
Other Northern Africa,2007,0,0.370341932,,0.049,0,0.005298,0.043,0.723993781
Other Northern Africa,2008,0,0.395378991,,0.038,0,0.006193,0.0394,0.752566762
Other Northern Africa,2009,0,0.420477016,,0.079,0,0.007088,0.0975,0.800324996
Other Northern Africa,2010,0,0.442267981,,0.05,0,0.008404875,0.1386,0.809355448
Other Northern Africa,2011,0.000606667,0.365334273,,0.054,0,0.01142175,0.109,0.536229169
Other Northern Africa,2012,0.000491112,0.392678682,,0.11,0,0.016035966,0.196,0.681996678
Other Northern Africa,2013,0,0.44282993,,0.06,0,0.02133475,0.358,0.718263506
Other Northern Africa,2014,0,0.407521221,,0.056,0,0.03223475,0.507,0.733525113
Other Northern Africa,2015,0,0.349171915,,0.069,0,0.04693475,0.449,0.650255436
Other Northern Africa,2016,0,0.369884295,,0.04466,0,0.078235966,0.47434,0.595814469
Other Northern Africa,2017,0,0.355779186,,0.01746,0,0.12022175,0.44861,0.613760097
Other Northern Africa,2018,0,0.355203509,,0.0165,0,0.12022175,0.453,0.648711195
Other Northern Africa,2019,0,0.356729047,,0.06589,0,0.155904583,0.5,0.676521507
Other South America,1965,0.001323029,0.001939921,0,1.100488949,0,0,0,0.097625988
Other South America,1966,0.001113689,0.0024412,0,2.336073265,0,0,0,0.101145402
Other South America,1967,0.0012686,0.002562317,0,2.430661778,0,0,0,0.108456014
Other South America,1968,0.00103414,0.00237768,0,2.57100108,0,0,0,0.112114798
Other South America,1969,0.000967151,0.003469868,0,2.683195492,0,0,0,0.120277229
Other South America,1970,0.001200403,0.0011574,0,3.117621208,0,0,0,0.125086393
Other South America,1971,0.001121691,0.001251,0.056,3.727174428,0,0,0,0.13492233
Other South America,1972,0.001091128,0.0018207,0.059,3.360120149,0,0,0,0.157092598
Other South America,1973,0.000937602,0.0021249,0.061,3.863174428,0,0,0,0.158682638
Other South America,1974,0.001011709,0.0052533,0.066,3.845858828,0,0,0,0.140943214
Other South America,1975,0.001057764,0.0045414,0.063,3.763589592,0,0,0,0.161504575
Other South America,1976,0.00094192,0.0055773,0.072,3.607780847,0,0,0,0.164777228
Other South America,1977,0.000908844,0.0061551,0.074,3.968214997,0,0,0,0.17387079
Other South America,1978,0.000171548,0.0118197,0.056,4.030562733,0,0,0,0.197493086
Other South America,1979,0.000252772,0.0124218,0.079,3.953545866,0,0,0,0.207955699
Other South America,1980,0.000231838,0.0121734,0.084,5.997467406,0,0,0,0.202668108
Other South America,1981,0.000190938,0.0123426,0.089,5.107086199,0,0,0,0.194707639
Other South America,1982,0.000123977,0.0121779,0.091,5.412833203,0,0,0,0.182982769
Other South America,1983,0.000122144,0.0110664,0.075,6.77401871,0,0,0,0.158943633
Other South America,1984,0.000135254,0.008514,0.08,7.240111456,0,0,0,0.158815747
Other South America,1985,0.000159798,0.013104684,0.095,10.05915107,0,0,0,0.167880207
Other South America,1986,0.000159798,0.015156216,0.097,18.78567625,0,0,0,0.1667395
Other South America,1987,0.000161891,0.01800324,0.11,24.739092,0,0,0,0.170770727
Other South America,1988,0.000217576,0.01821258,0.107,25.563161,0,0,0,0.189284262
Other South America,1989,0.00015896,0.022776192,0.095,29.59006135,0,0,0,0.189770297
Other South America,1990,0.000163147,0.024953328,0.111,34.60735809,0,0,0,0.178968218
Other South America,1991,0.000159379,0.026293104,0.111894737,36.85419058,0,0,0,0.186126626
Other South America,1992,0.000150587,0.028145148,0.123842105,36.61291098,0,0,0,0.194558506
Other South America,1993,0.000150587,0.029103354,0.133578947,40.55321815,0,0,0,0.203093396
Other South America,1994,0.000150587,0.03442807,0.119842105,45.57235619,0,0,0,0.224217044
Other South America,1995,0.00015896,0.038352965,0.121631579,50.81227055,0,0,0,0.255453533
Other South America,1996,0.000167334,0.039349242,0.119578947,53.61104126,0,0,0,0.264322818
Other South America,1997,0.000163147,0.037697743,0.115789474,60.52004804,0,0,0,0.268831326
Other South America,1998,0.000133867,0.042168779,0.128789474,63.13979738,0,0,0,0.274648095
Other South America,1999,0.000142241,0.043737293,0.134789474,60.72468607,0,0,0,0.296851949
Other South America,2000,0.000133867,0.040773521,0.185682,63.72841068,0,6.20E-05,0.001,0.252662491
Other South America,2001,0.000152001,0.037285218,0.187682,58.09567031,0,8.20E-05,0.001,0.246786688
Other South America,2002,0.000154801,0.040488674,0.189682,61.3614565,0,0.000109,0.001,0.244230414
Other South America,2003,0.000133867,0.048179395,0.188682,63.63654337,0,0.000139,0.001,0.259820012
Other South America,2004,0.000160374,0.0507061,0.179982,60.19795315,0,0.000212,0.001,0.279070408
Other South America,2005,0.000173353,0.060893128,0.177182,60.87900663,0,0.000244,0.001,0.274231633
Other South America,2006,0.000185495,0.064444608,0.185254,60.82481296,0,0.00029,0.001,0.274314537
Other South America,2007,0.000198056,0.071772073,0.292708,65.49246924,0,0.000391,0.00485,0.29448627
Other South America,2008,0.000189682,0.079888289,1.055218,63.86374553,0,0.000443,0.012441,0.325933942
Other South America,2009,0.000202242,0.089753651,1.136509,63.7382439,0,0.000475,0.047248,0.348808328
Other South America,2010,0.000244948,0.094208216,1.293998722,66.0744503,0,0.009265338,0.075166,0.372428215
Other South America,2011,0.000222339,0.109722009,1.339097726,68.28234728,0,0.035093778,0.117486,0.356477169
Other South America,2012,0.000252065,0.111508774,1.548467947,69.65883461,0,0.053932298,0.119193,0.371004755
Other South America,2013,0.000204912,0.118896037,1.766790579,72.79517545,0,0.046764843,0.150666,0.373711075
Other South America,2014,0.00017032,0.125980661,2.383183237,68.47183389,0,0.07144181,0.747400513,0.365214138
Other South America,2015,0.000302492,0.123607378,2.928310474,67.66339198,0,0.130185619,2.085881,0.390999813
Other South America,2016,0.000314504,0.125425177,2.905421395,74.55489301,0,0.232411226,3.038522444,0.405307152
Other South America,2017,0.000218365,0.127911477,2.929483747,70.93050222,0,0.353537884,3.844122256,0.427355903
Other South America,2018,0.000335177,0.134100214,2.905995212,69.84929927,0,0.625569618,4.800313733,0.432161594
Other South America,2019,0.000332246,0.133590915,2.907162369,62.25754622,0,0.749532204,4.832283,0.44160518
Other Southern Africa,1965,0.000774,0,0,0.021,0,0,0,0.001088599
Other Southern Africa,1966,0.0019608,0,0,0.021,0,0,0,0.001084185
Other Southern Africa,1967,0.0022188,0,0,0.028,0,0,0,0.001202492
Other Southern Africa,1968,0.002709,0,0,0.035,0,0,0,0.001201359
Other Southern Africa,1969,0.002967,0,0,0.058,0,0,0,0.001216618
Other Southern Africa,1970,0.0035604,0,0,0.097,0,0,0,0.001243104
Other Southern Africa,1971,0.00387,0,0,0.097,0,0,0,0.001306673
Other Southern Africa,1972,0.0038958,0,0,0.115,0,0,0,0.001307597
Other Southern Africa,1973,0.004128,0,0,0.122,0,0,0,0.00164835
Other Southern Africa,1974,0.00387,0,0,0.128,0,0,0,0.001829341
Other Southern Africa,1975,0.0051084,0,0,0.113,0,0,0,0.001582133
Other Southern Africa,1976,0.00903,0,0,0.145,0,0,0,0.001761758
Other Southern Africa,1977,0.0109134,0,0,0.124,0,0,0,0.002140117
Other Southern Africa,1978,0.012384,0,0,1.331,0,0,0,0.00253212
Other Southern Africa,1979,0.0134934,0,0,1.314,0,0,0,0.002605398
Other Southern Africa,1980,0.0141126,0,0,1.327,0,0,0,0.002540827
Other Southern Africa,1981,0.013740804,0,0,1.33,0,0,0,0.009258514
Other Southern Africa,1982,0.014495894,0,0,1.295,0,0,0,0.009122614
Other Southern Africa,1983,0.012660326,0,0,1.266,0,0,0,0.009057704
Other Southern Africa,1984,0.013135742,0,0,1.33,0,0,0,0.009207166
Other Southern Africa,1985,0.015279012,0,0,1.387,0,0,0,0.01091647
Other Southern Africa,1986,0.016755249,0,0,1.353,0,0,0,0.012248988
Other Southern Africa,1987,0.016810617,0,0,1.385,0,0,0,0.01285983
Other Southern Africa,1988,0.019123113,0,0,1.393,0,0,0,0.014023804
Other Southern Africa,1989,0.020279381,0,0,1.4,0,0,0,0.016664509
Other Southern Africa,1990,0.034453563,0,0,1.342,0,0,0,0.028424085
Other Southern Africa,1991,0.033977785,0,0,1.526,0,0,0,0.042628139
Other Southern Africa,1992,0.036451569,0,0.03225,1.353,0,0,0,0.048711862
Other Southern Africa,1993,0.037082571,0,0.1247,1.171,0,0,0,0.049270765
Other Southern Africa,1994,0.041361677,0,0.129,0.876,0,0,0,0.050050486
Other Southern Africa,1995,0.039453324,0,0.1677,1.344,0,0,0,0.05548137
Other Southern Africa,1996,0.035420343,0,0.172,1.064,0,0,0,0.055965494
Other Southern Africa,1997,0.038217001,0,0.19554732,0.81,0,0,0,0.059984133
Other Southern Africa,1998,0.043896865,0,0.19704732,1.192,0,0,0,0.062517547
Other Southern Africa,1999,0.043934173,0,0.221938623,1.744199994,0,0,0,0.065814099
Other Southern Africa,2000,0.044111577,0,0.1298,1.959900006,0,0,0,0.066765717
Other Southern Africa,2001,0.04083142,0,0.1446,1.8131,0,0,0,0.073745157
Other Southern Africa,2002,0.041424196,0,0.1554,2.004599994,0,0,0,0.071131879
Other Southern Africa,2003,0.038915168,0,0.1472,1.970799988,0,0,0,0.074211719
Other Southern Africa,2004,0.040338733,0,0.156,1.874399994,0,0.0001,0,0.0744215
Other Southern Africa,2005,0.043748566,0,0.1592,2.272700012,0,0.0002,0,0.077587107
Other Southern Africa,2006,0.041312415,0,0.1506,2.149880006,0,0.0002,0,0.079381365
Other Southern Africa,2007,0.042610137,0,0.1548,2.222379988,0,0.0003,0,0.082860208
Other Southern Africa,2008,0.041583851,0,0.1425,2.058399994,0,0.0058,0,0.091122585
Other Southern Africa,2009,0.045571324,0,0.1249,2.159799988,0,0.0072,0,0.092502421
Other Southern Africa,2010,0.028344859,0,0.1777,2.035700006,0,0.0086,0,0.096338436
Other Southern Africa,2011,0.033471975,0,0.2589,2.2269,0,0.0147,0,0.099706359
Other Southern Africa,2012,0.046027286,0,0.2847,2.364699994,0,0.0209,0,0.103189861
Other Southern Africa,2013,0.050007398,0,0.2759,2.027099988,0,0.027302,0,0.110383631
Other Southern Africa,2014,0.059586464,0,0.227205176,2.302200012,0,0.032662,0,0.113215804
Other Southern Africa,2015,0.05911175,0,0.222533905,2.266200012,0,0.038562,0,0.118737679
Other Southern Africa,2016,0.059472017,0,0.223143587,1.990000012,0,0.055533609,0,0.121445911
Other Southern Africa,2017,0.06666388,0,0.222533905,2.2111,0,0.071474255,0,0.125300061
Other Southern Africa,2018,0.062142136,0,0.201567,1.8531,0,0.128050536,0,0.127316927
Other Southern Africa,2019,0.05402801,0,0.201567,1.7211,0,0.272050536,0,0.128155862
South & Central America,1965,0.241955344,0.531756499,0,41.30243841,0,0,0,3.582780574
South & Central America,1966,0.244431936,0.568187239,0,46.00129263,0.012,0,0,3.776145131
South & Central America,1967,0.258866432,0.612556634,0,48.66091552,0.038,0,0,3.896171301
South & Central America,1968,0.24828933,0.643508573,0,51.74701297,0.018,0,0,4.163133022
South & Central America,1969,0.270176116,0.663408377,0,55.85316897,0.051,0,0,4.329085875
South & Central America,1970,0.299429165,0.676835865,0.562232491,65.63806143,0.045,0,0,4.562591634
South & Central America,1971,0.278269673,0.68934922,2.144259864,73.06548284,0.042,0,0,4.815167142
South & Central America,1972,0.272605004,0.728641005,2.130923339,82.69404114,0.073,0,0,5.224034876
South & Central America,1973,0.284534497,0.827018444,2.265842809,93.0063232,0.046,0,0,5.708894735
South & Central America,1974,0.310591655,0.874639553,2.378219471,106.8964273,1.062,0,0,5.887115708
South & Central America,1975,0.325925795,0.870228861,2.864100217,115.9223896,2.542,0,0,5.879313071
South & Central America,1976,0.327998926,1.017303125,3.352540517,129.4225008,2.59,0,0,6.14344951
South & Central America,1977,0.374801872,1.097512136,3.67370057,143.123427,1.637,0,0,6.403330485
South & Central America,1978,0.401643797,1.134738554,4.074080737,158.1929027,2.896,0,0,6.683812601
South & Central America,1979,0.424784845,1.221073138,4.372413163,179.7890459,2.692,0,0,6.967468825
South & Central America,1980,0.450363096,1.2992644,4.392865094,201.4459874,2.34,0,0,7.128443055
South & Central America,1981,0.444649634,1.339368532,4.871450638,204.4446262,2.816,0,0,7.04113843
South & Central America,1982,0.447212317,1.486309398,5.506492204,220.1946692,1.87,0,0,6.814271067
South & Central America,1983,0.497464382,1.539207943,6.340874997,237.1094947,3.405,0,0,6.559701306
South & Central America,1984,0.571187629,1.661648988,6.166176942,261.6108315,6.284,0,0,6.54238781
South & Central America,1985,0.661832084,1.696946583,6.059437203,283.5012431,9.147,0,0,6.468075819
South & Central America,1986,0.668349972,1.833838742,6.250761345,305.9861383,5.855,0,0,6.859736373
South & Central America,1987,0.736732116,1.840503335,6.704370138,326.458627,7.438,0,0,7.038136005
South & Central America,1988,0.730019686,1.996574741,6.637861841,338.997862,6.406,0,0,7.194801854
South & Central America,1989,0.78839783,2.070437887,6.944406246,347.1363763,6.869,0,0,7.185637546
South & Central America,1990,0.662348774,2.144196876,8.305423521,360.9658498,9.518,0,0,7.135120931
South & Central America,1991,0.700973902,2.178565845,8.374013725,385.4481146,9.198,0,0,7.197648177
South & Central America,1992,0.735350545,2.241155532,10.69272151,392.7910704,8.84,0,0,7.699931749
South & Central America,1993,0.745069574,2.411406114,10.2869644,423.063093,8.192,0,0.001717172,7.808055372
South & Central America,1994,0.789649886,2.534151593,10.83241301,448.4429676,8.29,0,0.007777778,8.271276211
South & Central America,1995,0.802069938,2.787640986,11.06380342,465.6940701,9.585,0,0.007777778,8.542396512
South & Central America,1996,0.824934558,3.085914656,12.57328246,485.6945929,9.886,0,0.041973985,8.736192274
South & Central America,1997,0.885281317,3.14965307,13.36820489,513.913338,11.13,0,0.102925998,9.24553603
South & Central America,1998,0.868826404,3.376319049,12.5897003,526.6079671,10.718,1.70E-05,0.11137238,9.62968588
South & Central America,1999,0.862531865,3.330810746,14.85606839,527.2850514,11.083,0.00012701,0.14847192,9.585444378
South & Central America,2000,0.877884104,3.540012311,14.90618359,555.6516252,12.223,0.002198014,0.252086796,9.641246483
South & Central America,2001,0.83046541,3.714857958,16.48061891,521.3991679,21.338,0.00382175,0.320963025,9.792654632
South & Central America,2002,0.8184169,3.752075577,18.25942289,547.363318,19.657,0.00622925,0.458838738,9.726819332
South & Central America,2003,0.882302189,3.945264988,20.00658617,570.648342,20.924,0.00864,0.443069454,9.476148139
South & Central America,2004,0.938249925,4.407233473,21.00561506,589.0348643,19.48,0.011104726,0.543386492,9.851507146
South & Central America,2005,0.882634244,4.577008455,22.36258098,624.1520975,16.728,0.017943556,0.532273141,10.14016818
South & Central America,2006,1.023623264,4.950513386,24.12039645,652.6841916,21.4751,0.008179922,0.77376127,10.51350515
South & Central America,2007,1.089941625,5.081121241,29.41596621,675.7376104,19.60376,0.010424951,1.161307975,10.90439561
South & Central America,2008,1.15788731,5.091967965,33.18665163,680.2992221,21.36258,0.014564054,1.670338556,11.38251993
South & Central America,2009,0.975781002,4.890385903,37.08294186,697.527994,21.14,0.02482673,2.077832613,11.20641687
South & Central America,2010,1.18509055,5.30203947,47.53293566,700.8750644,21.7331558,0.062824946,3.449107771,11.75932069
South & Central America,2011,1.264199051,5.476673203,49.78128246,744.1006792,22.059376,0.131507437,4.324391015,12.25894198
South & Central America,2012,1.328302452,5.824399998,56.18266267,730.3208042,22.4404,0.340852369,7.804369349,12.60891683
South & Central America,2013,1.449646916,6.02318419,63.24581137,709.8553536,21.65669,0.540582657,10.19715254,12.94893261
South & Central America,2014,1.524605831,6.214055507,69.16136175,686.2907341,20.89246248,1.140130778,18.5823465,12.96904504
South & Central America,2015,1.500794605,6.402299898,73.17438308,671.49648,21.77315264,2.881463001,31.46419382,12.7128811
South & Central America,2016,1.457150752,6.270644,76.12600603,686.3599191,24.14934367,4.914458087,45.17526649,12.37309798
South & Central America,2017,1.426864152,6.348409166,79.07268055,700.4355315,21.82719644,7.598839727,56.1336217,12.18420354
South & Central America,2018,1.429960903,6.117720291,83.42442366,718.2065546,22.54588702,12.73912956,65.75196894,11.91602944
South & Central America,2019,1.483349095,5.952721107,87.37219115,714.7033879,24.60672979,17.61784753,79.15824262,11.85534873
Western Africa,1965,0.019767203,0.003439995,0,0.477694791,0,0,0,0.158379471
Western Africa,1966,0.01870613,0.006178828,0,0.931214757,0,0,0,0.170721287
Western Africa,1967,0.008825777,0.006356141,0,1.934336444,0,0,0,0.173601328
Western Africa,1968,0.001527651,0.005162021,0,3.014785153,0,0,0,0.17325221
Western Africa,1969,0.001867644,0.002245004,0,3.991269834,0,0,0,0.191698795
Western Africa,1970,0.003337191,0.0037962,0,4.647450385,0,0,0,0.211106385
Western Africa,1971,0.006509106,0.0070281,0.038,4.764366763,0,0,0,0.279679268
Western Africa,1972,0.008489146,0.0094221,0.038,5.177052977,0,0,0,0.298552203
Western Africa,1973,0.008634747,0.0144324,0.038,6.065376992,0,0,0,0.329606624
Western Africa,1974,0.007018326,0.0134748,0.039,6.516096935,0,0,0,0.339092765
Western Africa,1975,0.007635039,0.0120726,0.039,6.921770529,0,0,0,0.368836575
Western Africa,1976,0.007047052,0.0224181,0.039,7.614388741,0,0,0,0.451944519
Western Africa,1977,0.007400075,0.0295146,0.04,7.934310299,0,0,0,0.487670651
Western Africa,1978,0.006687201,0.0357561,0.04,7.044728649,0,0,0,0.52367335
Western Africa,1979,0.006573563,0.0471276,0.04,9.512457384,0,0,0,0.590639333
Western Africa,1980,0.005831954,0.0569601,0.04,9.678,0,0,0,0.628348746
Western Africa,1981,0.005337268,0.0838926,0.041,9.687,0,0,0,0.63701394
Western Africa,1982,0.003377109,0.0873981,0.041,9.439,0,0,0,0.673767298
Western Africa,1983,0.003290807,0.0990774,0.041,5.736,0,0,0,0.631878266
Western Africa,1984,0.003756955,0.0953154,0.042,5.133,0,0,0,0.577329702
Western Africa,1985,0.004503952,0.090288,0.042,8.213,0,0,0,0.601913036
Western Africa,1986,0.005592797,0.1053018,0.042,9.969,0,0,0,0.558622401
Western Africa,1987,0.005285524,0.1042884,0.043,9.767,0,0,0,0.596832459
Western Africa,1988,0.003534372,0.1256382,0.043,10.821,0,0,0,0.621269677
Western Africa,1989,0.003732942,0.1454607,0.043,11.741,0,0,0,0.637632153
Western Africa,1990,0.003791065,0.1384353,0.049731343,11.91709091,0,0,0,0.616460629
Western Africa,1991,0.003745332,0.1349964,0.064,13.88713131,0,0,0,0.658721252
Western Africa,1992,0.003000737,0.146043,0.075,14.27320202,0,0,0,0.721513354
Western Africa,1993,0.002008327,0.1668078,0.085,13.66747475,0,0,0.002,0.713564539
Western Africa,1994,0.002394569,0.1526319,0.097,13.46772727,0,0,0.0054,0.71484863
Western Africa,1995,0.002519287,0.168732648,0.114,14.167979,0,0,0.0063,0.719792625
Western Africa,1996,0.00232465,0.20845566,0.127,14.687782,0,0,0.0071,0.76033007
Western Africa,1997,0.002294605,0.202677928,0.128,15.02648,0,0,0.0072,0.757602958
Western Africa,1998,0.002453015,0.247623265,0.133,11.908342,0,0,0.0076,0.76672898
Western Africa,1999,0.002416751,0.181594602,0.138,13.960687,0,0,0.0078,0.815460342
Western Africa,2000,0.002257178,0.262338471,0.155,14.956968,0,0.002441,0.0079,0.802784694
Western Africa,2001,0.001976384,0.332491946,0.165,15.349982,0,0.003038,0.00678,0.832424879
Western Africa,2002,0.003066479,0.3995458,0.175,16.435855,0,0.003618,0.006884,0.875428486
Western Africa,2003,0.002618418,0.416421868,0.163,14.768892,0,0.005076,0.007399,0.86222761
Western Africa,2004,0.005758243,0.40091914,0.257,16.825359,0,0.006592,0.00843,0.903362374
Western Africa,2005,0.006217986,0.413308822,0.269,16.432273,0,0.008012,0.008671,0.942548725
Western Africa,2006,0.00679166,0.362476989,0.276,14.912868,0,0.009929,0.009505,0.879258603
Western Africa,2007,0.00789867,0.450190806,0.272,13.349417,0,0.012433,0.008887,0.901767373
Western Africa,2008,0.00832154,0.420527159,0.266,15.526708,0,0.014284,0.007695,1.023685807
Western Africa,2009,0.009623346,0.316321689,0.231,15.24767402,0,0.016397,0.007237,1.032590891
Western Africa,2010,0.010829436,0.308382407,0.252,16.80988801,0,0.02653,0.005429,1.095531893
Western Africa,2011,0.01397202,0.442924911,0.25,16.997229,0,0.043371,0.019349,1.107452653
Western Africa,2012,0.013362221,0.467215366,0.22,17.42608593,0,0.078659,0.064449,1.157876275
Western Africa,2013,0.013398862,0.45734819,0.236,17.23563301,0,0.115895999,0.092253,1.181021285
Western Africa,2014,0.019133927,0.575668375,0.247,17.75494299,0,0.129648803,0.092841566,1.11199561
Western Africa,2015,0.021898979,0.855782433,0.3069,15.01576199,0,0.159279773,0.181019128,1.13431138
Western Africa,2016,0.038680777,0.756898057,0.299,15.13968999,0,0.252870514,0.178724988,1.261347631
Western Africa,2017,0.041968041,0.794563819,0.369207,17.8673678,0,0.391491276,0.177542697,1.381194313
Western Africa,2018,0.042005547,0.841505016,0.369527,19.1215815,0,0.768052936,0.190098375,1.454193823
Western Africa,2019,0.038340841,0.862602012,0.369527,19.1405642,0,0.783807841,0.189482201,1.512364273
